dt,date,close,equity,cash,base_shares,t_shares,t_slots
2024-11-21 11:30:00,2024-11-21,38.040762320951686,1003759.7353726631,300005.63243505696,18500,0,0
2024-11-21 15:00:00,2024-11-21,38.05,1003930.632435057,300005.63243505696,18500,0,0
2024-11-22 11:30:00,2024-11-22,37.23193467336684,988796.4238923434,300005.63243505696,18500,0,0
2024-11-22 15:00:00,2024-11-22,36.77,980250.632435057,300005.63243505696,18500,0,0
2024-11-25 11:30:00,2024-11-25,36.763649962602834,980133.1567432093,300005.63243505696,18500,0,0
2024-11-25 15:00:00,2024-11-25,37.05,985430.632435057,300005.63243505696,18500,0,0
2024-11-26 11:30:00,2024-11-26,36.90858040201006,982814.369872243,300005.63243505696,18500,0,0
2024-11-26 15:00:00,2024-11-26,36.77,980250.632435057,300005.63243505696,18500,0,0
2024-11-27 11:30:00,2024-11-27,37.463805418719204,993086.0326813622,300005.63243505696,18500,0,0
2024-11-27 15:00:00,2024-11-27,37.51,993940.632435057,300005.63243505696,18500,0,0
2024-11-28 11:30:00,2024-11-28,37.23695058356097,988889.2182309349,300005.63243505696,18500,0,0
2024-11-28 15:00:00,2024-11-28,37.2,988205.632435057,300005.63243505696,18500,0,0
2024-11-29 11:30:00,2024-11-29,37.19633883883884,988137.9009535755,300005.63243505696,18500,0,0
2024-11-29 15:00:00,2024-11-29,36.91,982840.6324350568,300005.63243505696,18500,0,0
2024-12-02 11:30:00,2024-12-02,36.27592274678112,971110.2032505077,300005.63243505696,18500,0,0
2024-12-02 15:00:00,2024-12-02,36.59,976920.6324350571,300005.63243505696,18500,0,0
2024-12-03 11:30:00,2024-12-03,36.74434004474273,979775.9232627974,300005.63243505696,18500,0,0
2024-12-03 15:00:00,2024-12-03,37.16,987465.6324350568,300005.63243505696,18500,0,0
2024-12-04 11:30:00,2024-12-04,38.52973634204275,1012805.7547628479,300005.63243505696,18500,0,0
2024-12-04 15:00:00,2024-12-04,38.89,1019470.632435057,300005.63243505696,18500,0,0
2024-12-05 11:30:00,2024-12-05,38.85854961832061,1018888.8003739882,300005.63243505696,18500,0,0
2024-12-05 15:00:00,2024-12-05,38.72,1016325.632435057,300005.63243505696,18500,0,0
2024-12-06 11:30:00,2024-12-06,38.97144307982994,1020977.3294119108,300005.63243505696,18500,0,0
2024-12-06 15:00:00,2024-12-06,39.11,1023540.632435057,300005.63243505696,18500,0,0
2024-12-09 11:30:00,2024-12-09,39.01982117647059,1021872.3241997629,300005.63243505696,18500,0,0
2024-12-09 15:00:00,2024-12-09,39.26,1026315.632435057,300005.63243505696,18500,0,0
2024-12-10 11:30:00,2024-12-10,39.25380818053596,1026201.0837749722,300005.63243505696,18500,0,0
2024-12-10 15:00:00,2024-12-10,39.3,1027055.632435057,300005.63243505696,18500,0,0
2024-12-11 11:30:00,2024-12-11,39.69128400184417,1034294.3864691741,300005.63243505696,18500,0,0
2024-12-11 15:00:00,2024-12-11,40.07,1041300.632435057,300005.63243505696,18500,0,0
2024-12-12 11:30:00,2024-12-12,39.83847367200186,1037017.3953670914,300005.63243505696,18500,0,0
2024-12-12 15:00:00,2024-12-12,39.82,1036675.632435057,300005.63243505696,18500,0,0
2024-12-13 11:30:00,2024-12-13,39.303814553990605,1027126.2016838832,300005.63243505696,18500,0,0
2024-12-13 15:00:00,2024-12-13,39.35,1027980.632435057,300005.63243505696,18500,0,0
2024-12-16 11:30:00,2024-12-16,40.121523590333716,1042253.8188562307,300005.63243505696,18500,0,0
2024-12-16 15:00:00,2024-12-16,40.14,1042595.632435057,300005.63243505696,18500,0,0
2024-12-17 11:30:00,2024-12-17,39.67857476635515,1034059.2656126271,300005.63243505696,18500,0,0
2024-12-17 15:00:00,2024-12-17,39.54,1031495.632435057,300005.63243505696,18500,0,0
2024-12-18 11:30:00,2024-12-18,39.89085926614027,1037986.5288586519,300005.63243505696,18500,0,0
2024-12-18 15:00:00,2024-12-18,39.78,1035935.632435057,300005.63243505696,18500,0,0
2024-12-19 11:30:00,2024-12-19,39.47084721896268,1030216.3059858666,300005.63243505696,18500,0,0
2024-12-19 15:00:00,2024-12-19,39.36,1028165.632435057,300005.63243505696,18500,0,0
2024-12-20 11:30:00,2024-12-20,38.26390420899855,1007887.8603015301,300005.63243505696,18500,0,0
2024-12-20 15:00:00,2024-12-20,38.19,1006520.632435057,300005.63243505696,18500,0,0
2024-12-23 11:30:00,2024-12-23,38.85868836764002,1018891.3672363973,300005.63243505696,18500,0,0
2024-12-23 15:00:00,2024-12-23,38.6,1014105.632435057,300005.63243505696,18500,0,0
2024-12-24 11:30:00,2024-12-24,38.55076185912793,1013194.7268289237,300005.63243505696,18500,0,0
2024-12-24 15:00:00,2024-12-24,38.56,1013365.632435057,300005.63243505696,18500,0,0
2024-12-25 11:30:00,2024-12-25,39.79627972027972,1036236.8072602318,300005.63243505696,18500,0,0
2024-12-25 15:00:00,2024-12-25,39.63,1033160.632435057,300005.63243505696,18500,0,0
2024-12-26 11:30:00,2024-12-26,39.06780916211726,1022760.1019342262,300005.63243505696,18500,0,0
2024-12-26 15:00:00,2024-12-26,38.92,1020025.632435057,300005.63243505696,18500,0,0
2024-12-27 11:30:00,2024-12-27,38.868395354349374,1019070.9464905204,300005.63243505696,18500,0,0
2024-12-27 15:00:00,2024-12-27,38.97,1020950.632435057,300005.63243505696,18500,0,0
2024-12-30 11:30:00,2024-12-30,39.584665731650304,1032321.9484705876,300005.63243505696,18500,0,0
2024-12-30 15:00:00,2024-12-30,39.52,1031125.632435057,300005.63243505696,18500,0,0
2024-12-31 11:30:00,2024-12-31,40.262387304507826,1044859.7975684517,300005.63243505696,18500,0,0
2024-12-31 15:00:00,2024-12-31,40.17,1043150.632435057,300005.63243505696,18500,0,0
2025-01-02 11:30:00,2025-01-02,39.783371683493776,1035998.0085796919,300005.63243505696,18500,0,0
2025-01-02 15:00:00,2025-01-02,39.34,1027795.6324350571,300005.63243505696,18500,0,0
2025-01-03 11:30:00,2025-01-03,39.01702876158783,1021820.6645244318,300005.63243505696,18500,0,0
2025-01-03 15:00:00,2025-01-03,38.86,1018915.632435057,300005.63243505696,18500,0,0
2025-01-06 11:30:00,2025-01-06,38.740081320258305,1016697.1368598356,300005.63243505696,18500,0,0
2025-01-06 15:00:00,2025-01-06,38.62,1014475.632435057,300005.63243505696,18500,0,0
2025-01-07 11:30:00,2025-01-07,37.914569343065686,1001425.1652817721,300005.63243505696,18500,0,0
2025-01-07 15:00:00,2025-01-07,37.97,1002450.632435057,300005.63243505696,18500,0,0
2025-01-08 11:30:00,2025-01-08,37.52908023483366,994293.6167794797,300005.63243505696,18500,0,0
2025-01-08 15:00:00,2025-01-08,37.76,998565.632435057,300005.63243505696,18500,0,0
2025-01-09 11:30:00,2025-01-09,36.974892595400554,984041.1454499672,300005.63243505696,18500,0,0
2025-01-09 15:00:00,2025-01-09,36.55,976180.632435057,300005.63243505696,18500,0,0
2025-01-10 11:30:00,2025-01-10,36.43015824400204,973963.5599490947,300005.63243505696,18500,0,0
2025-01-10 15:00:00,2025-01-10,36.19,969520.632435057,300005.63243505696,18500,0,0
2025-01-13 11:30:00,2025-01-13,36.105538698894314,967958.0983646017,300005.63243505696,18500,0,0
2025-01-13 15:00:00,2025-01-13,35.93,964710.632435057,300005.63243505696,18500,0,0
2025-01-14 11:30:00,2025-01-14,36.02441505595117,966457.3109701535,300005.63243505696,18500,0,0
2025-01-14 15:00:00,2025-01-14,36.32,971925.632435057,300005.63243505696,18500,0,0
2025-01-15 11:30:00,2025-01-15,36.22,970075.632435057,300005.63243505696,18500,0,0
2025-01-15 15:00:00,2025-01-15,36.22,970075.632435057,300005.63243505696,18500,0,0
2025-01-16 11:30:00,2025-01-16,36.37442317380353,972932.4611504222,300005.63243505696,18500,0,0
2025-01-16 15:00:00,2025-01-16,36.67,978400.632435057,300005.63243505696,18500,0,0
2025-01-17 11:30:00,2025-01-17,36.525337036101995,975724.3676029439,300005.63243505696,18500,0,0
2025-01-17 15:00:00,2025-01-17,36.59,976920.6324350571,300005.63243505696,18500,0,0
2025-01-20 11:30:00,2025-01-20,36.214971605575634,969982.6071382063,300005.63243505696,18500,0,0
2025-01-20 15:00:00,2025-01-20,35.79,962120.632435057,300005.63243505696,18500,0,0
2025-01-21 11:30:00,2025-01-21,35.4016226118817,954935.6507548684,300005.63243505696,18500,0,0
2025-01-21 15:00:00,2025-01-21,35.3,953055.632435057,300005.63243505696,18500,0,0
2025-01-22 11:30:00,2025-01-22,35.09761354686269,949311.4830520167,300005.63243505696,18500,0,0
2025-01-22 15:00:00,2025-01-22,35.19,951020.632435057,300005.63243505696,18500,0,0
2025-01-23 11:30:00,2025-01-23,35.544660244727936,957581.8469625238,300005.63243505696,18500,0,0
2025-01-23 15:00:00,2025-01-23,35.48,956385.632435057,300005.63243505696,18500,0,0
2025-01-24 11:30:00,2025-01-24,36.32169907881269,971957.0653930918,300005.63243505696,18500,0,0
2025-01-24 15:00:00,2025-01-24,36.1,967855.632435057,300005.63243505696,18500,0,0
2025-01-27 11:30:00,2025-01-27,36.866862499999996,982042.5886850569,300005.63243505696,18500,0,0
2025-01-27 15:00:00,2025-01-27,36.95,983580.632435057,300005.63243505696,18500,0,0
2025-02-05 11:30:00,2025-02-05,35.74914992272025,961364.9060053816,300005.63243505696,18500,0,0
2025-02-05 15:00:00,2025-02-05,35.86,963415.632435057,300005.63243505696,18500,0,0
2025-02-06 11:30:00,2025-02-06,35.68440051347881,960167.041934415,300005.63243505696,18500,0,0
2025-02-06 15:00:00,2025-02-06,35.98,965635.632435057,300005.63243505696,18500,0,0
2025-02-07 11:30:00,2025-02-07,35.865327847775774,963514.1976189088,300005.63243505696,18500,0,0
2025-02-07 15:00:00,2025-02-07,35.93,964710.632435057,300005.63243505696,18500,0,0
2025-02-10 11:30:00,2025-02-10,35.74238144597045,961239.6891855103,300005.63243505696,18500,0,0
2025-02-10 15:00:00,2025-02-10,35.65,959530.632435057,300005.63243505696,18500,0,0
2025-02-11 11:30:00,2025-02-11,35.582287937743196,958277.959283306,300005.63243505696,18500,0,0
2025-02-11 15:00:00,2025-02-11,35.61,958790.632435057,300005.63243505696,18500,0,0
2025-02-12 11:30:00,2025-02-12,35.365431711146,954266.119091258,300005.63243505696,18500,0,0
2025-02-12 15:00:00,2025-02-12,35.31,953240.632435057,300005.63243505696,18500,0,0
2025-02-13 11:30:00,2025-02-13,35.227709262660724,951718.2537942803,300005.63243505696,18500,0,0
2025-02-13 15:00:00,2025-02-13,35.2,951205.632435057,300005.63243505696,18500,0,0
2025-02-14 11:30:00,2025-02-14,35.13686860739575,950037.7016718783,300005.63243505696,18500,0,0
2025-02-14 15:00:00,2025-02-14,35.22,951575.632435057,300005.63243505696,18500,0,0
2025-02-17 11:30:00,2025-02-17,34.37533261802575,935949.2858685334,300005.63243505696,18500,0,0
2025-02-17 15:00:00,2025-02-17,34.44,937145.632435057,300005.63243505696,18500,0,0
2025-02-18 11:30:00,2025-02-18,34.16180278612401,931998.9839783511,300005.63243505696,18500,0,0
2025-02-18 15:00:00,2025-02-18,33.82,925675.632435057,300005.63243505696,18500,0,0
2025-02-19 11:30:00,2025-02-19,33.36847645429363,917322.446839489,300005.63243505696,18500,0,0
2025-02-19 15:00:00,2025-02-19,33.35,916980.632435057,300005.63243505696,18500,0,0
2025-02-20 11:30:00,2025-02-20,33.37609776304888,917463.4410514613,300005.63243505696,18500,0,0
2025-02-20 15:00:00,2025-02-20,33.45,918830.632435057,300005.63243505696,18500,0,0
2025-02-21 11:30:00,2025-02-21,33.07718485019785,911933.5521637172,300005.63243505696,18500,0,0
2025-02-21 15:00:00,2025-02-21,32.68,904585.632435057,300005.63243505696,18500,0,0
2025-02-24 11:30:00,2025-02-24,33.094656040268454,912256.7691800233,300005.63243505696,18500,0,0
2025-02-24 15:00:00,2025-02-24,33.03,911060.632435057,300005.63243505696,18500,0,0
2025-02-25 11:30:00,2025-02-25,33.20557114790906,914308.6986713746,300005.63243505696,18500,0,0
2025-02-25 15:00:00,2025-02-25,32.91,908840.6324350568,300005.63243505696,18500,0,0
2025-02-26 11:30:00,2025-02-26,32.74686268992684,905822.5921987036,300005.63243505696,18500,0,0
2025-02-26 15:00:00,2025-02-26,32.83,907360.632435057,300005.63243505696,18500,0,0
2025-02-27 11:30:00,2025-02-27,32.595008393956356,903013.2877232495,300005.63243505696,18500,0,0
2025-02-27 15:00:00,2025-02-27,33.02,910875.632435057,300005.63243505696,18500,0,0
2025-02-28 11:30:00,2025-02-28,32.8885754583921,908444.2784153108,300005.63243505696,18500,0,0
2025-02-28 15:00:00,2025-02-28,32.75,905880.632435057,300005.63243505696,18500,0,0
2025-03-03 11:30:00,2025-03-03,32.89466235227912,908556.8859522206,300005.63243505696,18500,0,0
2025-03-03 15:00:00,2025-03-03,32.83,907360.632435057,300005.63243505696,18500,0,0
2025-03-04 11:30:00,2025-03-04,32.73391230551626,905583.0100871078,300005.63243505696,18500,0,0
2025-03-04 15:00:00,2025-03-04,32.66,904215.6324350568,300005.63243505696,18500,0,0
2025-03-05 11:30:00,2025-03-05,32.92685138539043,909152.3830647799,300005.63243505696,18500,0,0
2025-03-05 15:00:00,2025-03-05,33.01,910690.632435057,300005.63243505696,18500,0,0
2025-03-06 11:30:00,2025-03-06,32.8261820231051,907289.9998625013,300005.63243505696,18500,0,0
2025-03-06 15:00:00,2025-03-06,32.78,906435.632435057,300005.63243505696,18500,0,0
2025-03-07 11:30:00,2025-03-07,33.27931178601282,915672.9004762941,300005.63243505696,18500,0,0
2025-03-07 15:00:00,2025-03-07,33.15,913280.632435057,300005.63243505696,18500,0,0
2025-03-10 11:30:00,2025-03-10,33.24837950138504,915100.6532106801,300005.63243505696,18500,0,0
2025-03-10 15:00:00,2025-03-10,33.35,916980.632435057,300005.63243505696,18500,0,0
2025-03-11 11:30:00,2025-03-11,33.446788361240735,918771.2171180105,300005.63243505696,18500,0,0
2025-03-11 15:00:00,2025-03-11,33.65,922530.632435057,300005.63243505696,18500,0,0
2025-03-12 11:30:00,2025-03-12,33.20847481213471,914362.4164595491,300005.63243505696,18500,0,0
2025-03-12 15:00:00,2025-03-12,33.19,914020.632435057,300005.63243505696,18500,0,0
2025-03-13 11:30:00,2025-03-13,34.51855454056959,938598.8914355944,300005.63243505696,18500,0,0
2025-03-13 15:00:00,2025-03-13,34.38,936035.632435057,300005.63243505696,18500,0,0
2025-03-14 11:30:00,2025-03-14,34.43238633306431,937004.7795967467,300005.63243505696,18500,0,0
2025-03-14 15:00:00,2025-03-14,34.34,935295.6324350571,300005.63243505696,18500,0,0
2025-03-17 11:30:00,2025-03-17,34.21923845530651,933061.5438582274,300005.63243505696,18500,0,0
2025-03-17 15:00:00,2025-03-17,34.21,932890.632435057,300005.63243505696,18500,0,0
2025-03-18 11:30:00,2025-03-18,33.990839694656486,928836.166786202,300005.63243505696,18500,0,0
2025-03-18 15:00:00,2025-03-18,33.88,926785.632435057,300005.63243505696,18500,0,0
2025-03-19 11:30:00,2025-03-19,34.03702290076336,929690.5560991792,300005.63243505696,18500,0,0
2025-03-19 15:00:00,2025-03-19,33.88,926785.632435057,300005.63243505696,18500,0,0
2025-03-20 11:30:00,2025-03-20,34.02390476190476,929447.8705302951,300005.63243505696,18500,0,0
2025-03-20 15:00:00,2025-03-20,33.95,928080.632435057,300005.63243505696,18500,0,0
2025-03-21 11:30:00,2025-03-21,34.024000546149644,929449.6425388254,300005.63243505696,18500,0,0
2025-03-21 15:00:00,2025-03-21,33.83,925860.632435057,300005.63243505696,18500,0,0
2025-03-24 11:30:00,2025-03-24,34.42856411637932,936934.0685880744,300005.63243505696,18500,0,0
2025-03-24 15:00:00,2025-03-24,34.29,934370.632435057,300005.63243505696,18500,0,0
2025-03-25 11:30:00,2025-03-25,35.10092715231788,949372.7847529377,300005.63243505696,18500,0,0
2025-03-25 15:00:00,2025-03-25,34.87,945100.632435057,300005.63243505696,18500,0,0
2025-03-26 11:30:00,2025-03-26,35.065337891138576,948714.3834211206,300005.63243505696,18500,0,0
2025-03-26 15:00:00,2025-03-26,35.13,949910.632435057,300005.63243505696,18500,0,0
2025-03-27 11:30:00,2025-03-27,35.08,948985.632435057,300005.63243505696,18500,0,0
2025-03-27 15:00:00,2025-03-27,35.08,948985.632435057,300005.63243505696,18500,0,0
2025-03-28 11:30:00,2025-03-28,34.79294210943696,943675.0614596406,300005.63243505696,18500,0,0
2025-03-28 15:00:00,2025-03-28,34.95,946580.632435057,300005.63243505696,18500,0,0
2025-03-31 11:30:00,2025-03-31,35.28218252933507,952726.0092277557,300005.63243505696,18500,0,0
2025-03-31 15:00:00,2025-03-31,35.43,955460.632435057,300005.63243505696,18500,0,0
2025-04-01 11:30:00,2025-04-01,35.59839586028461,958575.9558503223,300005.63243505696,18500,0,0
2025-04-01 15:00:00,2025-04-01,35.7,960455.632435057,300005.63243505696,18500,0,0
2025-04-02 11:30:00,2025-04-02,35.589159120310484,958405.0761608009,300005.63243505696,18500,0,0
2025-04-02 15:00:00,2025-04-02,35.7,960455.632435057,300005.63243505696,18500,0,0
2025-04-03 11:30:00,2025-04-03,35.97152464065708,965478.8382872129,300005.63243505696,18500,0,0
2025-04-03 15:00:00,2025-04-03,35.99,965820.632435057,300005.63243505696,18500,0,0
2025-04-07 11:30:00,2025-04-07,34.95183717193358,946614.6201158282,300005.63243505696,18500,0,0
2025-04-07 15:00:00,2025-04-07,34.49,938070.632435057,300005.63243505696,18500,0,0
2025-04-08 11:30:00,2025-04-08,35.515709545686576,957046.2590302586,300005.63243505696,18500,0,0
2025-04-08 15:00:00,2025-04-08,36.19,969520.632435057,300005.63243505696,18500,0,0
2025-04-09 11:30:00,2025-04-09,36.10822351748607,968007.7675085492,300005.63243505696,18500,0,0
2025-04-09 15:00:00,2025-04-09,36.45,974330.632435057,300005.63243505696,18500,0,0
2025-04-10 11:30:00,2025-04-10,35.899902539112595,964153.8294086399,300005.63243505696,18500,0,0
2025-04-10 15:00:00,2025-04-10,36.02,966375.632435057,300005.63243505696,18500,0,0
2025-04-11 11:30:00,2025-04-11,35.17542346133613,950750.9664697754,300005.63243505696,18500,0,0
2025-04-11 15:00:00,2025-04-11,35.12,949725.632435057,300005.63243505696,18500,0,0
2025-04-14 11:30:00,2025-04-14,35.281227979274604,952708.3500516372,300005.63243505696,18500,0,0
2025-04-14 15:00:00,2025-04-14,35.66,959715.6324350568,300005.63243505696,18500,0,0
2025-04-15 11:30:00,2025-04-15,35.59533160621761,958519.2671500829,300005.63243505696,18500,0,0
2025-04-15 15:00:00,2025-04-15,35.66,959715.6324350568,300005.63243505696,18500,0,0
2025-04-16 11:30:00,2025-04-16,35.83110745058287,962881.12027084,300005.63243505696,18500,0,0
2025-04-16 15:00:00,2025-04-16,36.45,974330.632435057,300005.63243505696,18500,0,0
2025-04-17 11:30:00,2025-04-17,36.04055244399185,966755.8526489062,300005.63243505696,18500,0,0
2025-04-17 15:00:00,2025-04-17,36.29,971370.632435057,300005.63243505696,18500,0,0
2025-04-18 11:30:00,2025-04-18,36.025255102040816,966472.8518228121,300005.63243505696,18500,0,0
2025-04-18 15:00:00,2025-04-18,36.21,969890.632435057,300005.63243505696,18500,0,0
2025-04-21 11:30:00,2025-04-21,35.90381551901336,964226.219536804,300005.63243505696,18500,0,0
2025-04-21 15:00:00,2025-04-21,35.95,965080.632435057,300005.63243505696,18500,0,0
2025-04-22 11:30:00,2025-04-22,35.75465579710145,961466.7646814338,300005.63243505696,18500,0,0
2025-04-22 15:00:00,2025-04-22,35.69,960270.632435057,300005.63243505696,18500,0,0
2025-04-23 11:30:00,2025-04-23,35.581525687597306,958263.8576556072,300005.63243505696,18500,0,0
2025-04-23 15:00:00,2025-04-23,35.6,958605.632435057,300005.63243505696,18500,0,0
2025-04-24 11:30:00,2025-04-24,35.960762711864405,965279.7426045485,300005.63243505696,18500,0,0
2025-04-24 15:00:00,2025-04-24,35.97,965450.632435057,300005.63243505696,18500,0,0
2025-04-25 11:30:00,2025-04-25,35.62838934850051,959130.8353823165,300005.63243505696,18500,0,0
2025-04-25 15:00:00,2025-04-25,35.73,961010.632435057,300005.63243505696,18500,0,0
2025-04-28 11:30:00,2025-04-28,35.34939473684211,953969.435066636,300005.63243505696,18500,0,0
2025-04-28 15:00:00,2025-04-28,35.1,949355.632435057,300005.63243505696,18500,0,0
2025-04-29 11:30:00,2025-04-29,35.23915599686438,951930.0183770481,300005.63243505696,18500,0,0
2025-04-29 15:00:00,2025-04-29,35.35,953980.632435057,300005.63243505696,18500,0,0
2025-04-30 11:30:00,2025-04-30,35.444663185378595,955731.9013645609,300005.63243505696,18500,0,0
2025-04-30 15:00:00,2025-04-30,35.38,954535.632435057,300005.63243505696,18500,0,0
2025-05-06 11:30:00,2025-05-06,35.374568448500646,954435.1487323189,300005.63243505696,18500,0,0
2025-05-06 15:00:00,2025-05-06,35.43,955460.632435057,300005.63243505696,18500,0,0
2025-05-07 11:30:00,2025-05-07,35.49671480144404,956694.8562617718,300005.63243505696,18500,0,0
2025-05-07 15:00:00,2025-05-07,35.82,962675.632435057,300005.63243505696,18500,0,0
2025-05-08 11:30:00,2025-05-08,35.74856031128405,961353.998193812,300005.63243505696,18500,0,0
2025-05-08 15:00:00,2025-05-08,35.61,958790.632435057,300005.63243505696,18500,0,0
2025-05-09 11:30:00,2025-05-09,35.81533470648816,962589.3245050879,300005.63243505696,18500,0,0
2025-05-09 15:00:00,2025-05-09,35.88,963785.632435057,300005.63243505696,18500,0,0
2025-05-12 11:30:00,2025-05-12,35.5276244813278,957266.6853396213,300005.63243505696,18500,0,0
2025-05-12 15:00:00,2025-05-12,35.62,958975.632435057,300005.63243505696,18500,0,0
2025-05-13 11:30:00,2025-05-13,36.08847375160052,967642.3968396665,300005.63243505696,18500,0,0
2025-05-13 15:00:00,2025-05-13,36.07,967300.632435057,300005.63243505696,18500,0,0
2025-05-14 11:30:00,2025-05-14,36.16989562118126,969148.7014269104,300005.63243505696,18500,0,0
2025-05-14 15:00:00,2025-05-14,36.29,971370.632435057,300005.63243505696,18500,0,0
2025-05-15 11:30:00,2025-05-15,36.91761357963055,982981.4836582221,300005.63243505696,18500,0,0
2025-05-15 15:00:00,2025-05-15,37.01,984690.632435057,300005.63243505696,18500,0,0
2025-05-16 11:30:00,2025-05-16,36.39457678661936,973305.3029875151,300005.63243505696,18500,0,0
2025-05-16 15:00:00,2025-05-16,36.45,974330.632435057,300005.63243505696,18500,0,0
2025-05-19 11:30:00,2025-05-19,36.3747371107708,972938.2689843168,300005.63243505696,18500,0,0
2025-05-19 15:00:00,2025-05-19,36.19,969520.632435057,300005.63243505696,18500,0,0
2025-05-20 11:30:00,2025-05-20,36.142283524904215,968637.877645785,300005.63243505696,18500,0,0
2025-05-20 15:00:00,2025-05-20,36.17,969150.632435057,300005.63243505696,18500,0,0
2025-05-21 11:30:00,2025-05-21,37.233975062344136,988834.1710884235,300005.63243505696,18500,0,0
2025-05-21 15:00:00,2025-05-21,37.04,985245.632435057,300005.63243505696,18500,0,0
2025-05-22 11:30:00,2025-05-22,37.246099009900995,989058.4641182254,300005.63243505696,18500,0,0
2025-05-22 15:00:00,2025-05-22,37.32,990425.632435057,300005.63243505696,18500,0,0
2025-05-23 11:30:00,2025-05-23,36.8085516372796,980963.8377247296,300005.63243505696,18500,0,0
2025-05-23 15:00:00,2025-05-23,36.67,978400.632435057,300005.63243505696,18500,0,0
2025-05-26 11:30:00,2025-05-26,36.48066868533939,974898.0031138357,300005.63243505696,18500,0,0
2025-05-26 15:00:00,2025-05-26,36.61,977290.632435057,300005.63243505696,18500,0,0
2025-05-27 11:30:00,2025-05-27,36.62086032388664,977491.5484269598,300005.63243505696,18500,0,0
2025-05-27 15:00:00,2025-05-27,36.51,975440.632435057,300005.63243505696,18500,0,0
2025-05-28 11:30:00,2025-05-28,37.03868877166541,985221.3747108671,300005.63243505696,18500,0,0
2025-05-28 15:00:00,2025-05-28,36.78,980435.632435057,300005.63243505696,18500,0,0
2025-05-29 11:30:00,2025-05-29,36.81543101281729,981091.1061721769,300005.63243505696,18500,0,0
2025-05-29 15:00:00,2025-05-29,36.76,980065.632435057,300005.63243505696,18500,0,0
2025-05-30 11:30:00,2025-05-30,36.77091506572295,980267.5611509316,300005.63243505696,18500,0,0
2025-05-30 15:00:00,2025-05-30,36.54,975995.632435057,300005.63243505696,18500,0,0
2025-06-03 11:30:00,2025-06-03,36.22618330354863,970190.0235507067,300005.63243505696,18500,0,0
2025-06-03 15:00:00,2025-06-03,36.18,969335.632435057,300005.63243505696,18500,0,0
2025-06-04 11:30:00,2025-06-04,36.169926189870196,969149.2669476556,300005.63243505696,18500,0,0
2025-06-04 15:00:00,2025-06-04,36.29,971370.632435057,300005.63243505696,18500,0,0
2025-06-05 11:30:00,2025-06-05,36.35541984732824,972580.8996106294,300005.63243505696,18500,0,0
2025-06-05 15:00:00,2025-06-05,36.3,971555.632435057,300005.63243505696,18500,0,0
2025-06-06 11:30:00,2025-06-06,36.5115225088518,975468.7988488153,300005.63243505696,18500,0,0
2025-06-06 15:00:00,2025-06-06,36.53,975810.632435057,300005.63243505696,18500,0,0
2025-06-09 11:30:00,2025-06-09,36.53618987341772,975925.1450932848,300005.63243505696,18500,0,0
2025-06-09 15:00:00,2025-06-09,36.49,975070.632435057,300005.63243505696,18500,0,0
2025-06-10 11:30:00,2025-06-10,36.67619167717529,978515.1784627999,300005.63243505696,18500,0,0
2025-06-10 15:00:00,2025-06-10,36.63,977660.632435057,300005.63243505696,18500,0,0
2025-06-11 11:30:00,2025-06-11,36.77160453400504,980280.3163141502,300005.63243505696,18500,0,0
2025-06-11 15:00:00,2025-06-11,36.67,978400.632435057,300005.63243505696,18500,0,0
2025-06-12 11:30:00,2025-06-12,36.29021014864172,971374.5201849288,300005.63243505696,18500,0,0
2025-06-12 15:00:00,2025-06-12,36.05,966930.632435057,300005.63243505696,18500,0,0
2025-06-13 11:30:00,2025-06-13,36.32543046357617,972026.096011216,300005.63243505696,18500,0,0
2025-06-13 15:00:00,2025-06-13,36.27,971000.632435057,300005.63243505696,18500,0,0
2025-06-16 11:30:00,2025-06-16,35.95839651639345,965235.9679883358,300005.63243505696,18500,0,0
2025-06-16 15:00:00,2025-06-16,36.06,967115.632435057,300005.63243505696,18500,0,0
2025-06-17 11:30:00,2025-06-17,36.129718987341775,968405.4337008798,300005.63243505696,18500,0,0
2025-06-17 15:00:00,2025-06-17,36.49,975070.632435057,300005.63243505696,18500,0,0
2025-06-18 11:30:00,2025-06-18,36.53484191738908,975900.2079067549,300005.63243505696,18500,0,0
2025-06-18 15:00:00,2025-06-18,36.23,970260.632435057,300005.63243505696,18500,0,0
2025-06-19 11:30:00,2025-06-19,35.99274942878903,965871.496867654,300005.63243505696,18500,0,0
2025-06-19 15:00:00,2025-06-19,36.39,973220.632435057,300005.63243505696,18500,0,0
2025-06-20 11:30:00,2025-06-20,36.37457910750507,972935.3459239007,300005.63243505696,18500,0,0
2025-06-20 15:00:00,2025-06-20,36.43,973960.632435057,300005.63243505696,18500,0,0
2025-06-23 11:30:00,2025-06-23,36.736102885821836,979623.5358227609,300005.63243505696,18500,0,0
2025-06-23 15:00:00,2025-06-23,36.81,980990.632435057,300005.63243505696,18500,0,0
2025-06-24 11:30:00,2025-06-24,36.81,980990.632435057,300005.63243505696,18500,0,0
2025-06-24 15:00:00,2025-06-24,36.81,980990.632435057,300005.63243505696,18500,0,0
2025-06-25 11:30:00,2025-06-25,36.82210211706103,981214.521600686,300005.63243505696,18500,0,0
2025-06-25 15:00:00,2025-06-25,37.09,986170.6324350571,300005.63243505696,18500,0,0
2025-06-26 11:30:00,2025-06-26,37.02695304695305,985004.2638036883,300005.63243505696,18500,0,0
2025-06-26 15:00:00,2025-06-26,36.99,984320.632435057,300005.63243505696,18500,0,0
2025-06-27 11:30:00,2025-06-27,36.9823866766842,984179.7859537146,300005.63243505696,18500,0,0
2025-06-27 15:00:00,2025-06-27,36.89,982470.632435057,300005.63243505696,18500,0,0
2025-06-30 11:30:00,2025-06-30,37.431524420325616,992488.8342110808,300005.63243505696,18500,0,0
2025-06-30 15:00:00,2025-06-30,37.45,992830.632435057,300005.63243505696,18500,0,0
2025-07-01 11:30:00,2025-07-01,37.79228627259404,999162.9284780467,300005.63243505696,18500,0,0
2025-07-01 15:00:00,2025-07-01,37.82,999675.632435057,300005.63243505696,18500,0,0
2025-07-02 11:30:00,2025-07-02,38.11136735676456,1005065.9285352014,300005.63243505696,18500,0,0
2025-07-02 15:00:00,2025-07-02,38.37,1009850.632435057,300005.63243505696,18500,0,0
2025-07-03 11:30:00,2025-07-03,37.60636633663366,995723.4096627798,300005.63243505696,18500,0,0
2025-07-03 15:00:00,2025-07-03,37.32,990425.632435057,300005.63243505696,18500,0,0
2025-07-04 11:30:00,2025-07-04,37.80914981729598,999474.9040550326,300005.63243505696,18500,0,0
2025-07-04 15:00:00,2025-07-04,37.92,1001525.632435057,300005.63243505696,18500,0,0
2025-07-07 11:30:00,2025-07-07,36.801336870026525,980830.3645305476,300005.63243505696,18500,0,0
2025-07-07 15:00:00,2025-07-07,36.86,981915.632435057,300005.63243505696,18500,0,0
2025-07-08 11:30:00,2025-07-08,36.830901378579,981377.3079387684,300005.63243505696,18500,0,0
2025-07-08 15:00:00,2025-07-08,36.87,982100.632435057,300005.63243505696,18500,0,0
2025-07-09 11:30:00,2025-07-09,36.943504,983460.4564350569,300005.63243505696,18500,0,0
2025-07-09 15:00:00,2025-07-09,36.66,978215.6324350568,300005.63243505696,18500,0,0
2025-07-10 11:30:00,2025-07-10,36.6493272824346,978018.1871600971,300005.63243505696,18500,0,0
2025-07-10 15:00:00,2025-07-10,36.62,977475.632435057,300005.63243505696,18500,0,0
2025-07-11 11:30:00,2025-07-11,36.80128260869566,980829.3606959266,300005.63243505696,18500,0,0
2025-07-11 15:00:00,2025-07-11,35.98,965635.632435057,300005.63243505696,18500,0,0
2025-07-14 11:30:00,2025-07-14,36.79506146445751,980714.2695275209,300005.63243505696,18500,0,0
2025-07-14 15:00:00,2025-07-14,36.58,976735.632435057,300005.63243505696,18500,0,0
2025-07-15 11:30:00,2025-07-15,36.48336269015213,974947.8422028713,300005.63243505696,18500,0,0
2025-07-15 15:00:00,2025-07-15,36.63,977660.632435057,300005.63243505696,18500,0,0
2025-07-16 11:30:00,2025-07-16,36.46932403433476,974688.12707025,300005.63243505696,18500,0,0
2025-07-16 15:00:00,2025-07-16,36.44,974145.632435057,300005.63243505696,18500,0,0
2025-07-17 11:30:00,2025-07-17,36.23156477242122,970289.5807248496,300005.63243505696,18500,0,0
2025-07-17 15:00:00,2025-07-17,36.3,971555.632435057,300005.63243505696,18500,0,0
2025-07-18 11:30:00,2025-07-18,36.599101604278076,977089.0121142013,300005.63243505696,18500,0,0
2025-07-18 15:00:00,2025-07-18,36.56,976365.632435057,300005.63243505696,18500,0,0
2025-07-21 11:30:00,2025-07-21,36.880900185332266,982302.2858637039,300005.63243505696,18500,0,0
2025-07-21 15:00:00,2025-07-21,36.92,983025.632435057,300005.63243505696,18500,0,0
2025-07-22 11:30:00,2025-07-22,36.908561296859176,982814.0164269517,300005.63243505696,18500,0,0
2025-07-22 15:00:00,2025-07-22,38.6,1014105.632435057,300005.63243505696,18500,0,0
2025-07-23 11:30:00,2025-07-23,38.28238021638331,1008229.6664381482,300005.63243505696,18500,0,0
2025-07-23 15:00:00,2025-07-23,37.95,1002080.632435057,300005.63243505696,18500,0,0
2025-07-24 11:30:00,2025-07-24,38.12596599690881,1005336.00337787,300005.63243505696,18500,0,0
2025-07-24 15:00:00,2025-07-24,37.95,1002080.632435057,300005.63243505696,18500,0,0
2025-07-25 11:30:00,2025-07-25,37.785076762945614,999029.5525495508,300005.63243505696,18500,0,0
2025-07-25 15:00:00,2025-07-25,37.57,995050.632435057,300005.63243505696,18500,0,0
2025-07-28 11:30:00,2025-07-28,36.93044973544974,983218.9525408772,300005.63243505696,18500,0,0
2025-07-28 15:00:00,2025-07-28,36.95,983580.632435057,300005.63243505696,18500,0,0
2025-07-29 11:30:00,2025-07-29,36.93089899524062,983227.2638470083,300005.63243505696,18500,0,0
2025-07-29 15:00:00,2025-07-29,36.97,983950.632435057,300005.63243505696,18500,0,0
2025-07-30 11:30:00,2025-07-30,37.71821298701298,997792.5726947972,300005.63243505696,18500,0,0
2025-07-30 15:00:00,2025-07-30,37.64,996345.632435057,300005.63243505696,18500,0,0
2025-07-31 11:30:00,2025-07-31,36.96766247379455,983907.388200256,300005.63243505696,18500,0,0
2025-07-31 15:00:00,2025-07-31,37.3,990055.632435057,300005.63243505696,18500,0,0
2025-08-01 11:30:00,2025-08-01,36.944856230031945,983485.4726906479,300005.63243505696,18500,0,0
2025-08-01 15:00:00,2025-08-01,36.72,979325.632435057,300005.63243505696,18500,0,0
2025-08-18 11:30:00,2025-08-18,38.653046138159574,1015086.985991009,300005.63243505696,18500,0,0
2025-08-18 15:00:00,2025-08-18,38.35,1009480.632435057,300005.63243505696,18500,0,0
2025-08-19 11:30:00,2025-08-19,37.58595505617977,995345.8009743827,300005.63243505696,18500,0,0
2025-08-19 15:00:00,2025-08-19,37.41,992090.6324350568,300005.63243505696,18500,0,0
2025-08-20 11:30:00,2025-08-20,37.39833290188972,991874.7911200167,300005.63243505696,18500,0,0
2025-08-20 15:00:00,2025-08-20,37.76,998565.632435057,300005.63243505696,18500,0,0
2025-08-21 11:30:00,2025-08-21,37.58977627471384,995416.493517263,300005.63243505696,18500,0,0
2025-08-21 15:00:00,2025-08-21,37.58,995235.632435057,300005.63243505696,18500,0,0
2025-08-22 11:30:00,2025-08-22,37.41513766233766,992185.6791883038,300005.63243505696,18500,0,0
2025-08-22 15:00:00,2025-08-22,37.64,996345.632435057,300005.63243505696,18500,0,0
2025-08-25 11:30:00,2025-08-25,38.12225063938619,1005267.2692637014,300005.63243505696,18500,0,0
2025-08-25 15:00:00,2025-08-25,38.22,1007075.632435057,300005.63243505696,18500,0,0
2025-08-26 11:30:00,2025-08-26,38.16529487509658,1006063.5876243437,300005.63243505696,18500,0,0
2025-08-26 15:00:00,2025-08-26,37.96,1002265.632435057,300005.63243505696,18500,0,0
2025-08-27 11:30:00,2025-08-27,37.76100183102276,998584.166308978,300005.63243505696,18500,0,0
2025-08-27 15:00:00,2025-08-27,37.37,991350.632435057,300005.63243505696,18500,0,0
2025-08-28 11:30:00,2025-08-28,37.18686015831134,987962.5453638168,300005.63243505696,18500,0,0
2025-08-28 15:00:00,2025-08-28,37.05,985430.632435057,300005.63243505696,18500,0,0
2025-08-29 11:30:00,2025-08-29,36.92327461969577,983086.2128994287,300005.63243505696,18500,0,0
2025-08-29 15:00:00,2025-08-29,36.63,977660.632435057,300005.63243505696,18500,0,0
2025-09-01 11:30:00,2025-09-01,37.079327176781,985973.1852055055,300005.63243505696,18500,0,0
2025-09-01 15:00:00,2025-09-01,37.05,985430.632435057,300005.63243505696,18500,0,0
2025-09-02 11:30:00,2025-09-02,37.12405660377358,986800.6796048682,300005.63243505696,18500,0,0
2025-09-02 15:00:00,2025-09-02,37.3,990055.632435057,300005.63243505696,18500,0,0
2025-09-03 11:30:00,2025-09-03,36.89089994706194,982487.2814557028,300005.63243505696,18500,0,0
2025-09-03 15:00:00,2025-09-03,36.93,983210.632435057,300005.63243505696,18500,0,0
2025-09-04 11:30:00,2025-09-04,36.440052397170554,974146.6017827122,300005.63243505696,18500,0,0
2025-09-04 15:00:00,2025-09-04,37.31,990240.632435057,300005.63243505696,18500,0,0
2025-09-05 11:30:00,2025-09-05,37.10450733752621,986439.0181792919,300005.63243505696,18500,0,0
2025-09-05 15:00:00,2025-09-05,37.3,990055.632435057,300005.63243505696,18500,0,0
2025-09-08 11:30:00,2025-09-08,37.41508541392905,992184.7125927444,300005.63243505696,18500,0,0
2025-09-08 15:00:00,2025-09-08,37.2,988205.632435057,300005.63243505696,18500,0,0
2025-09-09 11:30:00,2025-09-09,37.28022286313581,989689.7554030694,300005.63243505696,18500,0,0
2025-09-09 15:00:00,2025-09-09,37.29,989870.632435057,300005.63243505696,18500,0,0
2025-09-10 11:30:00,2025-09-10,37.44684569033272,992772.2777062124,300005.63243505696,18500,0,0
2025-09-10 15:00:00,2025-09-10,37.31,990240.632435057,300005.63243505696,18500,0,0
2025-09-11 11:30:00,2025-09-11,37.244043887147335,989020.4443472826,300005.63243505696,18500,0,0
2025-09-11 15:00:00,2025-09-11,37.42,992275.632435057,300005.63243505696,18500,0,0
2025-09-12 11:30:00,2025-09-12,37.44761917372882,992786.5871490401,300005.63243505696,18500,0,0
2025-09-12 15:00:00,2025-09-12,36.91,982840.6324350568,300005.63243505696,18500,0,0
2025-09-15 11:30:00,2025-09-15,37.251801518722175,989163.9605314172,300005.63243505696,18500,0,0
2025-09-15 15:00:00,2025-09-15,37.33,990610.632435057,300005.63243505696,18500,0,0
2025-09-16 11:30:00,2025-09-16,37.64776099973965,996489.2109302406,300005.63243505696,18500,0,0
2025-09-16 15:00:00,2025-09-16,37.55,994680.632435057,300005.63243505696,18500,0,0
2025-09-17 11:30:00,2025-09-17,38.02200872242176,1003412.7937998595,300005.63243505696,18500,0,0
2025-09-17 15:00:00,2025-09-17,38.11,1005040.632435057,300005.63243505696,18500,0,0
2025-09-18 11:30:00,2025-09-18,37.62528213166144,996073.3518707936,300005.63243505696,18500,0,0
2025-09-18 15:00:00,2025-09-18,37.42,992275.632435057,300005.63243505696,18500,0,0
2025-09-19 11:30:00,2025-09-19,37.876619170984455,1000723.0870982694,300005.63243505696,18500,0,0
2025-09-19 15:00:00,2025-09-19,37.73,998010.632435057,300005.63243505696,18500,0,0
2025-09-22 11:30:00,2025-09-22,37.81620358348481,999605.3987295259,300005.63243505696,18500,0,0
2025-09-22 15:00:00,2025-09-22,37.65,996530.632435057,300005.63243505696,18500,0,0
2025-09-23 11:30:00,2025-09-23,37.716268656716416,997756.6025843107,300005.63243505696,18500,0,0
2025-09-23 15:00:00,2025-09-23,37.99,1002820.632435057,300005.63243505696,18500,0,0
2025-09-24 11:30:00,2025-09-24,37.86491399229781,1000506.5412925665,300005.63243505696,18500,0,0
2025-09-24 15:00:00,2025-09-24,38.08,1004485.632435057,300005.63243505696,18500,0,0
2025-09-25 11:30:00,2025-09-25,37.76202221074381,998603.0433338174,300005.63243505696,18500,0,0
2025-09-25 15:00:00,2025-09-25,37.85,1000230.632435057,300005.63243505696,18500,0,0
2025-09-26 11:30:00,2025-09-26,37.89977554179567,1001151.4799582768,300005.63243505696,18500,0,0
2025-09-26 15:00:00,2025-09-26,37.89,1000970.632435057,300005.63243505696,18500,0,0
2025-09-29 11:30:00,2025-09-29,37.21627900912647,988506.7941038966,300005.63243505696,18500,0,0
2025-09-29 15:00:00,2025-09-29,37.49,993570.632435057,300005.63243505696,18500,0,0
2025-09-30 11:30:00,2025-09-30,37.40536103896104,992004.8116558362,300005.63243505696,18500,0,0
2025-09-30 15:00:00,2025-09-30,37.64,996345.632435057,300005.63243505696,18500,0,0
2025-10-09 11:30:00,2025-10-09,38.012494929006095,1003236.7886216698,300005.63243505696,18500,0,0
2025-10-09 15:00:00,2025-10-09,38.56,1013365.632435057,300005.63243505696,18500,0,0
2025-10-10 11:30:00,2025-10-10,39.095076690973094,1023264.5512180593,300005.63243505696,18500,0,0
2025-10-10 15:00:00,2025-10-10,38.88,1019285.632435057,300005.63243505696,18500,0,0
2025-10-13 11:30:00,2025-10-13,38.854505632040045,1018813.9866277978,300005.63243505696,18500,0,0
2025-10-13 15:00:00,2025-10-13,39.05,1022430.632435057,300005.63243505696,18500,0,0
2025-10-14 11:30:00,2025-10-14,39.77910455104551,1035919.066629399,300005.63243505696,18500,0,0
2025-10-14 15:00:00,2025-10-14,39.74,1035195.632435057,300005.63243505696,18500,0,0
2025-10-15 11:30:00,2025-10-15,39.54900636319139,1031662.2501540977,300005.63243505696,18500,0,0
2025-10-15 15:00:00,2025-10-15,39.94,1038895.632435057,300005.63243505696,18500,0,0
2025-10-16 11:30:00,2025-10-16,40.93313258747917,1057268.5853034216,300005.63243505696,18500,0,0
2025-10-16 15:00:00,2025-10-16,41.07,1059800.6324350568,300005.63243505696,18500,0,0
2025-10-17 11:30:00,2025-10-17,41.44878281622912,1066808.1145352956,300005.63243505696,18500,0,0
2025-10-17 15:00:00,2025-10-17,40.96,1057765.6324350568,300005.63243505696,18500,0,0
2025-10-20 11:30:00,2025-10-20,41.152924461283455,1061334.734968801,300005.63243505696,18500,0,0
2025-10-20 15:00:00,2025-10-20,41.28,1063685.6324350568,300005.63243505696,18500,0,0
2025-10-21 11:30:00,2025-10-21,40.56674641148326,1050490.441047497,300005.63243505696,18500,0,0
2025-10-21 15:00:00,2025-10-21,40.86,1055915.6324350568,300005.63243505696,18500,0,0
2025-10-22 11:30:00,2025-10-22,40.87736117702896,1056236.8142100926,300005.63243505696,18500,0,0
2025-10-22 15:00:00,2025-10-22,41.2,1062205.6324350568,300005.63243505696,18500,0,0
2025-10-23 11:30:00,2025-10-23,41.27977498815727,1063681.4697159664,300005.63243505696,18500,0,0
2025-10-23 15:00:00,2025-10-23,41.27,1063500.6324350568,300005.63243505696,18500,0,0
2025-10-24 11:30:00,2025-10-24,41.491341176470584,1067595.4441997628,300005.63243505696,18500,0,0
2025-10-24 15:00:00,2025-10-24,41.55,1068680.6324350568,300005.63243505696,18500,0,0
2025-10-27 11:30:00,2025-10-27,41.64202389318341,1070383.0744589502,300005.63243505696,18500,0,0
2025-10-27 15:00:00,2025-10-27,41.73,1072010.6324350568,300005.63243505696,18500,0,0
2025-10-28 11:30:00,2025-10-28,41.796431087109646,1073239.6075465854,300005.63243505696,18500,0,0
2025-10-28 15:00:00,2025-10-28,41.64,1070345.6324350568,300005.63243505696,18500,0,0
2025-10-29 11:30:00,2025-10-29,41.336877076411966,1064737.8583486783,300005.63243505696,18500,0,0
2025-10-29 15:00:00,2025-10-29,41.2,1062205.6324350568,300005.63243505696,18500,0,0
2025-10-30 11:30:00,2025-10-30,42.4417472118959,1085177.9558551311,300005.63243505696,18500,0,0
2025-10-30 15:00:00,2025-10-30,42.08,1078485.6324350568,300005.63243505696,18500,0,0
2025-10-31 11:30:00,2025-10-31,41.56977652317103,1069046.4981137211,300005.63243505696,18500,0,0
2025-10-31 15:00:00,2025-10-31,41.56,1068865.6324350568,300005.63243505696,18500,0,0
2025-11-03 11:30:00,2025-11-03,42.508659603869184,1086415.8351066369,300005.63243505696,18500,0,0
2025-11-03 15:00:00,2025-11-03,42.45,1085330.6324350568,300005.63243505696,18500,0,0
2025-11-04 11:30:00,2025-11-04,42.91144301470588,1093867.3282071156,300005.63243505696,18500,0,0
2025-11-04 15:00:00,2025-11-04,42.54,1086995.6324350568,300005.63243505696,18500,0,0
2025-11-05 11:30:00,2025-11-05,42.82482790270767,1092264.9486351488,300005.63243505696,18500,0,0
2025-11-05 15:00:00,2025-11-05,42.6,1088105.6324350568,300005.63243505696,18500,0,0
2025-11-06 11:30:00,2025-11-06,43.02932484655604,1096048.1420963437,300005.63243505696,18500,0,0
2025-11-06 15:00:00,2025-11-06,43.0,1095505.6324350568,300005.63243505696,18500,0,0
2025-11-07 11:30:00,2025-11-07,42.691344614681,1089795.5078066555,300005.63243505696,18500,0,0
2025-11-07 15:00:00,2025-11-07,42.75,1090880.6324350568,300005.63243505696,18500,0,0
2025-11-10 11:30:00,2025-11-10,43.16,1098465.6324350568,300005.63243505696,18500,0,0
2025-11-10 15:00:00,2025-11-10,43.15,1098280.6324350568,300005.63243505696,18500,0,0
2025-11-11 11:30:00,2025-11-11,42.65,1089030.6324350568,300005.63243505696,18500,0,0
2025-11-11 15:00:00,2025-11-11,42.8,1091805.6324350568,300005.63243505696,18500,0,0
2025-11-12 11:30:00,2025-11-12,42.92,1094025.6324350568,300005.63243505696,18500,0,0
2025-11-12 15:00:00,2025-11-12,42.6,1088105.6324350568,300005.63243505696,18500,0,0
2025-11-13 11:30:00,2025-11-13,42.28,1082185.6324350568,300005.63243505696,18500,0,0
2025-11-13 15:00:00,2025-11-13,42.62,1088475.6324350568,300005.63243505696,18500,0,0
2025-11-14 11:30:00,2025-11-14,42.53,1086810.6324350568,300005.63243505696,18500,0,0
2025-11-14 15:00:00,2025-11-14,42.09,1078670.632435057,300005.63243505696,18500,0,0
2025-11-17 11:30:00,2025-11-17,42.41,1084590.6324350568,300005.63243505696,18500,0,0
2025-11-17 15:00:00,2025-11-17,42.4,1084405.6324350568,300005.63243505696,18500,0,0
2025-11-18 11:30:00,2025-11-18,42.13,1079410.6324350568,300005.63243505696,18500,0,0
2025-11-18 15:00:00,2025-11-18,41.91,1075340.6324350568,300005.63243505696,18500,0,0
2025-11-19 11:30:00,2025-11-19,42.38,1084035.6324350568,300005.63243505696,18500,0,0
2025-11-19 15:00:00,2025-11-19,42.52,1086625.6324350568,300005.63243505696,18500,0,0
2025-11-20 11:30:00,2025-11-20,42.66,1089215.6324350568,300005.63243505696,18500,0,0
2025-11-20 15:00:00,2025-11-20,42.0,1077005.6324350568,300005.63243505696,18500,0,0
2025-11-21 11:30:00,2025-11-21,41.92,1075525.6324350568,300005.63243505696,18500,0,0
2025-11-21 15:00:00,2025-11-21,42.07,1078300.6324350568,300005.63243505696,18500,0,0
2025-11-24 11:30:00,2025-11-24,41.27,1063500.6324350568,300005.63243505696,18500,0,0
2025-11-24 15:00:00,2025-11-24,41.2,1062205.6324350568,300005.63243505696,18500,0,0
2025-11-25 11:30:00,2025-11-25,41.2,1062205.6324350568,300005.63243505696,18500,0,0
2025-11-25 15:00:00,2025-11-25,41.2,1062205.6324350568,300005.63243505696,18500,0,0
2025-11-26 11:30:00,2025-11-26,41.11,1060540.6324350568,300005.63243505696,18500,0,0
2025-11-26 15:00:00,2025-11-26,41.0,1058505.6324350568,300005.63243505696,18500,0,0
2025-11-27 11:30:00,2025-11-27,41.25,1063130.6324350568,300005.63243505696,18500,0,0
2025-11-27 15:00:00,2025-11-27,41.45,1066830.6324350568,300005.63243505696,18500,0,0
2025-11-28 11:30:00,2025-11-28,41.2,1062205.6324350568,300005.63243505696,18500,0,0
2025-11-28 15:00:00,2025-11-28,41.14,1061095.6324350568,300005.63243505696,18500,0,0
2025-12-01 11:30:00,2025-12-01,41.05,1059430.6324350568,300005.63243505696,18500,0,0
2025-12-01 15:00:00,2025-12-01,41.34,1064795.632435057,300005.63243505696,18500,0,0
2025-12-02 11:30:00,2025-12-02,41.52,1068125.6324350568,300005.63243505696,18500,0,0
2025-12-02 15:00:00,2025-12-02,41.6,1069605.6324350568,300005.63243505696,18500,0,0
2025-12-03 11:30:00,2025-12-03,41.81,1073490.6324350568,300005.63243505696,18500,0,0
2025-12-03 15:00:00,2025-12-03,41.64,1070345.6324350568,300005.63243505696,18500,0,0
2025-12-04 11:30:00,2025-12-04,41.72,1071825.6324350568,300005.63243505696,18500,0,0
2025-12-04 15:00:00,2025-12-04,41.75,1072380.6324350568,300005.63243505696,18500,0,0
2025-12-05 11:30:00,2025-12-05,41.39,1065720.6324350568,300005.63243505696,18500,0,0
2025-12-05 15:00:00,2025-12-05,41.53,1068310.6324350568,300005.63243505696,18500,0,0
2025-12-08 11:30:00,2025-12-08,40.84,1055545.632435057,300005.63243505696,18500,0,0
2025-12-08 15:00:00,2025-12-08,40.9,1056655.6324350568,300005.63243505696,18500,0,0
2025-12-09 11:30:00,2025-12-09,40.7,1052955.6324350568,300005.63243505696,18500,0,0
2025-12-09 15:00:00,2025-12-09,40.48,1048885.6324350568,300005.63243505696,18500,0,0
2025-12-10 11:30:00,2025-12-10,40.17,1043150.632435057,300005.63243505696,18500,0,0
2025-12-10 15:00:00,2025-12-10,40.18,1043335.632435057,300005.63243505696,18500,0,0
2025-12-11 11:30:00,2025-12-11,40.19,1043520.632435057,300005.63243505696,18500,0,0
2025-12-11 15:00:00,2025-12-11,40.31,1045740.632435057,300005.63243505696,18500,0,0
2025-12-12 11:30:00,2025-12-12,39.93,1038710.632435057,300005.63243505696,18500,0,0
2025-12-12 15:00:00,2025-12-12,40.0,1040005.632435057,300005.63243505696,18500,0,0
2025-12-15 11:30:00,2025-12-15,40.13,1042410.632435057,300005.63243505696,18500,0,0
2025-12-15 15:00:00,2025-12-15,39.91,1038340.6324350568,300005.63243505696,18500,0,0
2025-12-16 11:30:00,2025-12-16,39.99,1039820.632435057,300005.63243505696,18500,0,0
2025-12-16 15:00:00,2025-12-16,40.17,1043150.632435057,300005.63243505696,18500,0,0
2025-12-17 11:30:00,2025-12-17,40.13,1042410.632435057,300005.63243505696,18500,0,0
2025-12-17 15:00:00,2025-12-17,40.0,1040005.632435057,300005.63243505696,18500,0,0
