date,daily_returns,cumulative_returns,portfolio_value,running_max,drawdown
2022-10-10,0.0,1.0,100000.0,100000.0,0.0
2022-10-11,0.0,1.0,100000.0,100000.0,0.0
2022-10-12,0.0,1.0,100000.0,100000.0,0.0
2022-10-13,0.0,1.0,100000.0,100000.0,0.0
2022-10-14,0.0,1.0,100000.0,100000.0,0.0
2022-10-17,0.0,1.0,100000.0,100000.0,0.0
2022-10-18,0.0,1.0,100000.0,100000.0,0.0
2022-10-19,0.0,1.0,100000.0,100000.0,0.0
2022-10-20,0.0,1.0,100000.0,100000.0,0.0
2022-10-21,0.0,1.0,100000.0,100000.0,0.0
2022-10-24,0.0,1.0,100000.0,100000.0,0.0
2022-10-25,0.0,1.0,100000.0,100000.0,0.0
2022-10-26,0.0,1.0,100000.0,100000.0,0.0
2022-10-27,0.0,1.0,100000.0,100000.0,0.0
2022-10-28,0.0,1.0,100000.0,100000.0,0.0
2022-10-31,0.0,1.0,100000.0,100000.0,0.0
2022-11-01,0.0,1.0,100000.0,100000.0,0.0
2022-11-02,0.0,1.0,100000.0,100000.0,0.0
2022-11-03,0.0,1.0,100000.0,100000.0,0.0
2022-11-04,0.0,1.0,100000.0,100000.0,0.0
2022-11-07,0.0,1.0,100000.0,100000.0,0.0
2022-11-08,0.0,1.0,100000.0,100000.0,0.0
2022-11-09,0.0,1.0,100000.0,100000.0,0.0
2022-11-10,0.0,1.0,100000.0,100000.0,0.0
2022-11-11,0.0,1.0,100000.0,100000.0,0.0
2022-11-14,0.0,1.0,100000.0,100000.0,0.0
2022-11-15,0.0,1.0,100000.0,100000.0,0.0
2022-11-16,0.0,1.0,100000.0,100000.0,0.0
2022-11-17,0.0,1.0,100000.0,100000.0,0.0
2022-11-18,0.0,1.0,100000.0,100000.0,0.0
2022-11-21,0.0,1.0,100000.0,100000.0,0.0
2022-11-22,0.0,1.0,100000.0,100000.0,0.0
2022-11-23,0.0,1.0,100000.0,100000.0,0.0
2022-11-24,0.0,1.0,100000.0,100000.0,0.0
2022-11-25,0.0,1.0,100000.0,100000.0,0.0
2022-11-28,0.0,1.0,100000.0,100000.0,0.0
2022-11-29,0.0,1.0,100000.0,100000.0,0.0
2022-11-30,0.0,1.0,100000.0,100000.0,0.0
2022-12-01,0.0,1.0,100000.0,100000.0,0.0
2022-12-02,0.0,1.0,100000.0,100000.0,0.0
2022-12-05,0.0,1.0,100000.0,100000.0,0.0
2022-12-06,0.0,1.0,100000.0,100000.0,0.0
2022-12-07,0.0,1.0,100000.0,100000.0,0.0
2022-12-08,0.0,1.0,100000.0,100000.0,0.0
2022-12-09,0.0,1.0,100000.0,100000.0,0.0
2022-12-12,0.0,1.0,100000.0,100000.0,0.0
2022-12-13,0.0,1.0,100000.0,100000.0,0.0
2022-12-14,0.0,1.0,100000.0,100000.0,0.0
2022-12-15,0.0,1.0,100000.0,100000.0,0.0
2022-12-16,0.0,1.0,100000.0,100000.0,0.0
2022-12-19,0.0,1.0,100000.0,100000.0,0.0
2022-12-20,0.0,1.0,100000.0,100000.0,0.0
2022-12-21,0.0,1.0,100000.0,100000.0,0.0
2022-12-22,0.0,1.0,100000.0,100000.0,0.0
2022-12-23,0.0,1.0,100000.0,100000.0,0.0
2022-12-26,0.0,1.0,100000.0,100000.0,0.0
2022-12-27,0.0,1.0,100000.0,100000.0,0.0
2022-12-28,0.0,1.0,100000.0,100000.0,0.0
2022-12-29,0.0,1.0,100000.0,100000.0,0.0
2022-12-30,0.0,1.0,100000.0,100000.0,0.0
2023-01-03,0.005923683524306191,1.0059236835243062,100592.36835243061,100592.36835243061,0.0
2023-01-04,0.011821352214727378,1.017815061688383,101781.5061688383,101781.5061688383,0.0
2023-01-05,0.022443506714001946,1.0406584008589985,104065.84008589985,104065.84008589985,0.0
2023-01-06,0.005627765623997878,1.0465149824336772,104651.49824336772,104651.49824336772,0.0
2023-01-09,0.006287606937729611,1.0530950572976652,105309.50572976652,105309.50572976652,0.0
2023-01-10,-0.0021139567078122135,1.0508688599373268,105086.88599373268,105309.50572976652,-0.002113956707812331
2023-01-11,0.006342700176127332,1.057534206040338,105753.4206040338,105753.4206040338,0.0
2023-01-12,0.003288440671329779,1.0610118445348036,106101.18445348035,106101.18445348035,0.0
2023-01-13,0.015183819026739931,1.0771220563674475,107712.20563674475,107712.20563674475,0.0
2023-01-16,0.007458813556624428,1.0851561089636204,108515.61089636204,108515.61089636204,0.0
2023-01-17,-0.005118422931979665,1.0796018210507232,107960.18210507232,108515.61089636204,-0.0051184229319795795
2023-01-18,-0.0004392258827130692,1.0791276319878935,107912.76319878935,108515.61089636204,-0.005555400670862289
2023-01-19,0.0005942085378420275,1.079768858840242,107976.8858840242,108515.61089636204,-0.004964493199529997
2023-01-20,0.003032621830486557,1.0830433894534406,108304.33894534406,108515.61089636204,-0.0019469267994975357
2023-01-30,0.012973761295984699,1.0970945358614037,109709.45358614037,109709.45358614037,0.0
2023-01-31,-0.011704988551253093,1.0842530568795037,108425.30568795037,109709.45358614037,-0.011704988551253041
2023-02-01,0.0069165245808238685,1.091752319799244,109175.2319799244,109709.45358614037,-0.004869421811462379
2023-02-02,-0.004212881110058475,1.0871528970742992,108715.28970742993,109709.45358614037,-0.009061788626354428
2023-02-03,-0.013681126877376914,1.0722794203543178,107227.94203543178,109709.45358614037,-0.02261894002379825
2023-02-06,-0.017895494276514035,1.0530904501245433,105309.04501245433,109709.45358614037,-0.04010965718857566
2023-02-07,0.0025506657375082174,1.0557765318541732,105577.65318541732,109709.45358614037,-0.037661297779401394
2023-02-08,-0.003416183231223091,1.052169805770134,105216.98057701341,109709.45358614037,-0.0409488231166844
2023-02-09,0.012099981398479209,1.0649010408479942,106490.10408479942,109709.45358614037,-0.029344321716206753
2023-02-10,-0.007226236201565895,1.0572058143955332,105720.58143955332,109709.45358614037,-0.03635850891787654
2023-02-13,0.009117251553151896,1.066844625748832,106684.4625748832,109709.45358614037,-0.027572747036626523
2023-02-14,-0.0006009300680611797,1.06620352673527,106620.35267352701,109709.45358614037,-0.02815710781193431
2023-02-15,-0.008340554130183432,1.057310798506742,105731.0798506742,109709.45358614037,-0.03626281606026302
2023-02-16,-0.0032044595142488217,1.053922688858949,105392.2688858949,109709.45358614037,-0.03935107284857415
2023-02-17,-0.01559582225680664,1.037485897931089,103748.5897931089,109709.45358614037,-0.05433318276761986
2023-02-20,0.023021834225705,1.0613707262847651,106137.07262847651,109709.45358614037,-0.032562198068546024
2023-02-21,-0.004500670091118861,1.0565938468013862,105659.38468013862,109709.45358614037,-0.036916316448716624
2023-02-22,-0.011735436410740513,1.044194256900269,104419.4256900269,109709.45358614037,-0.048218523775254374
2023-02-23,-0.00282005209822965,1.041249574695138,104124.9574695138,109709.45358614037,-0.05090259712433808
2023-02-24,-0.01406217408215904,1.026607341912801,102660.7341912801,109709.45358614037,-0.06424897002450053
2023-02-27,-0.0045341305040250135,1.0219525702481782,102195.25702481782,109709.45358614037,-0.06849178731368523
2023-02-28,0.004358647700640067,1.0264069014686537,102640.69014686537,109709.45358614037,-0.06443167118433268
2023-03-01,0.01809918729155305,1.0449840322156774,104498.40322156774,109709.45358614037,-0.04749864477705266
2023-03-02,-0.006115209592908399,1.038593735837436,103859.3735837436,109709.45358614037,-0.053323390201770335
2023-03-03,0.0007595325868712394,1.0393825816243247,103938.25816243247,109709.45358614037,-0.05260435846739994
2023-03-06,-0.006867328413440462,1.032244800089101,103224.48000891009,109709.45358614037,-0.05911043547526637
2023-03-07,-0.01638712420544892,1.015329276339612,101532.9276339612,109709.45358614037,-0.07452890963274396
2023-03-08,-0.007305726841081023,1.0079115579929223,100791.15579929223,109709.45358614037,-0.08129014861828453
2023-03-09,-0.005299921219841658,1.002569706138992,100256.9706138992,109709.45358614037,-0.08615923845449999
2023-03-10,-0.007710907346472007,0.9948389840265744,99483.89840265745,109709.45358614037,-0.09320577989620688
2023-03-13,0.005069915085321702,0.9998827331991569,99988.2733199157,109709.45358614037,-0.08860841020042011
2023-03-14,-0.003997082774920613,0.995886119149346,99588.6119149346,109709.45358614037,-0.09225131782521552
2023-03-15,-0.008107564394200129,0.9878119083090526,98781.19083090527,109709.45358614037,-0.09961094871969789
2023-03-16,-0.004940971011536566,0.982931158305247,98293.11583052471,109709.45358614037,-0.10405974492117871
2023-03-17,-0.01092962306087697,0.9721880912501795,97218.80912501794,109709.45358614037,-0.11385203419425631
2023-03-20,-0.011408744010628358,0.9610966461869248,96109.66461869248,109709.45358614037,-0.12396186949167304
2023-03-21,0.030273835616917655,0.9901927280655587,99019.27280655586,109709.45358614037,-0.09744083513451209
2023-03-22,0.010985799306897248,1.001070786651236,100107.07866512361,109709.45358614037,-0.08752550128669886
2023-03-23,0.0009173864246325714,1.001989155401006,100198.91554010061,109709.45358614037,-0.08668840956875595
2023-03-24,-0.022260357452783208,0.9796845186379673,97968.45186379674,109709.45358614037,-0.10701905203752536
2023-03-27,0.03708265188080895,1.0160138185956369,101601.38185956368,109709.45358614037,-0.07390495040803834
2023-03-28,-0.006336873584660618,1.009575467466928,100957.5467466928,109709.45358614037,-0.07977349766468263
2023-03-29,0.0036483105999389753,1.013258712346326,101325.87123463259,109709.45358614037,-0.07641622556186789
2023-03-30,0.0,1.013258712346326,101325.87123463259,109709.45358614037,-0.07641622556186789
2023-03-31,0.0,1.013258712346326,101325.87123463259,109709.45358614037,-0.07641622556186789
2023-04-03,0.0,1.013258712346326,101325.87123463259,109709.45358614037,-0.07641622556186789
2023-04-04,0.0,1.013258712346326,101325.87123463259,109709.45358614037,-0.07641622556186789
2023-04-06,0.0,1.013258712346326,101325.87123463259,109709.45358614037,-0.07641622556186789
2023-04-07,0.0,1.013258712346326,101325.87123463259,109709.45358614037,-0.07641622556186789
2023-04-10,0.0,1.013258712346326,101325.87123463259,109709.45358614037,-0.07641622556186789
2023-04-11,0.0,1.013258712346326,101325.87123463259,109709.45358614037,-0.07641622556186789
2023-04-12,0.0,1.013258712346326,101325.87123463259,109709.45358614037,-0.07641622556186789
2023-04-13,0.03696382594087244,1.050712631022568,105071.26310225681,109709.45358614037,-0.042277035681722745
2023-04-14,0.007668974989984534,1.058770519911541,105877.05199115409,109709.45358614037,-0.034932282221032125
2023-04-17,0.032290478874224204,1.092958727017396,109295.87270173959,109709.45358614037,-0.0037697834678946216
2023-04-18,-0.007173631508113343,1.0851182438561966,108511.82438561966,109709.45358614037,-0.010916371938543716
2023-04-19,-0.005418032542297779,1.0792390378987426,107923.90378987427,109709.45358614037,-0.016275259222434703
2023-04-20,-0.017349860275334694,1.0605143913875128,106051.43913875127,109709.45358614037,-0.03334274602431541
2023-04-21,-0.009857459392501267,1.0500604138392473,105006.04138392473,109709.45358614037,-0.04287153065184731
2023-04-24,0.010680240343952652,1.0612753114347206,106127.53114347206,109709.45358614037,-0.032649168559169744
2023-04-25,0.003535869508042022,1.0650278424480606,106502.78424480605,109709.45358614037,-0.02922874225069895
2023-04-26,0.0017936516298318606,1.0669381313734838,106693.81313734838,109709.45358614037,-0.027487516802043033
2023-04-27,-0.0022890778286462354,1.0644958269524196,106449.58269524196,109709.45358614037,-0.029713673565413073
2023-04-28,0.006289699383666525,1.0711911856991179,107119.11856991179,109709.45358614037,-0.023610864256057296
2023-05-04,-0.0034996919037535434,1.0674423465791545,106744.23465791545,109709.45358614037,-0.027027925409333308
2023-05-05,-0.009925208617569514,1.0568477586021285,105684.77586021286,109709.45358614037,-0.03668487622871499
2023-05-08,0.0004837019205528407,1.0573589578926963,105735.89578926963,109709.45358614037,-0.03621891885324928
2023-05-09,-0.011986387857323718,1.0446850433189787,104468.50433189787,109709.45358614037,-0.04777117270142516
2023-05-10,-0.00623748011246165,1.0381688411374905,103816.88411374905,109709.45358614037,-0.053710681074212625
2023-05-11,-7.99096976218383e-05,1.0380858813793148,103808.58813793148,109709.45358614037,-0.05378629876755076
2023-05-12,-0.013721086329926108,1.0238422153830318,102384.22153830317,109709.45358614037,-0.06676937864872018
2023-05-15,0.021291687854275043,1.0456415442449967,104564.15442449966,109709.45358614037,-0.046899323562857635
2023-05-16,0.008560903107729417,1.0545931801906947,105459.31801906947,109709.45358614037,-0.03873992101996781
2023-05-17,-0.006341124643281892,1.0479058733871505,104790.58733871505,109709.45358614037,-0.044835390995391154
2023-05-18,-0.00961586175441036,1.037829355377025,103782.9355377025,109709.45358614037,-0.054020121828284855
2023-05-19,-0.0009931269440107693,1.0367986590809148,103679.86590809148,109709.45358614037,-0.05495959993378921
2023-05-22,0.004589195117259126,1.04155673042475,104155.673042475,109709.45358614037,-0.05062262514419252
2023-05-23,-0.009942060630265792,1.0312015102610057,103120.15102610058,109709.45358614037,-0.06006139256601151
2023-05-24,-0.011884275402424472,1.0189464275176678,101894.64275176679,109709.45358614037,-0.07123188183812837
2023-05-25,-0.006058173049689896,1.0127734737314025,101277.34737314025,109709.45358614037,-0.0768585198209879
2023-05-26,-0.007865524558879034,1.004807479101187,100480.74791011869,109709.45358614037,-0.08411951180465586
2023-05-29,-0.006256297604816652,0.9985211044763844,99852.11044763844,109709.45358614037,-0.08984953270925065
2023-05-30,0.012437692944548906,1.0109404033725136,101094.04033725135,109709.45358614037,-0.07852936066375053
2023-05-31,-0.01765080538807311,0.9930964910536453,99309.64910536453,109709.45358614037,-0.09479405958949787
2023-06-01,0.005976537824189476,0.9990317697954971,99903.17697954971,109709.45358614037,-0.08938406204795364
2023-06-02,0.014789805621009311,1.0138072554799855,101380.72554799855,109709.45358614037,-0.07591622933024976
2023-06-05,-0.007649165269245461,1.006052476231659,100605.2476231659,109709.45358614037,-0.08298469881473015
2023-06-06,0.0018674956742946724,1.0079312748791351,100793.12748791352,109709.45358614037,-0.08127217670650451
2023-06-07,-0.020956059332038812,0.9868090072801504,98680.90072801504,109709.45358614037,-0.10052509148143794
2023-06-08,0.0032869802087674427,0.9900526289569137,99005.26289569137,109709.45358614037,-0.09756853525885453
2023-06-09,0.008057353802528477,0.9980298332715432,99802.98332715432,109709.45358614037,-0.09029732566490097
2023-06-12,-0.0031483387995498435,0.994887697224346,99488.7697224346,109709.45358614037,-0.09316137789056447
2023-06-13,0.00340296716292691,0.9982732673888005,99827.32673888005,109709.45358614037,-0.09007543583745219
2023-06-14,0.009080081754551403,1.0073376702700738,100733.76702700739,109709.45358614037,-0.08181324640438174
2023-06-15,0.01971606346143817,1.027198403704216,102719.84037042159,109709.45358614037,-0.06371021810103868
2023-06-16,0.003916008665109401,1.031220921553908,103122.09215539081,109709.45358614037,-0.060043699202068965
2023-06-19,-0.012226736540498218,1.0186124550310187,101861.24550310188,109709.45358614037,-0.07153629725150651
2023-06-20,-0.005084194719172652,1.0134336309662666,101343.36309662666,109709.45358614037,-0.07625678750596382
2023-06-21,-0.004555552490295785,1.0088168808649687,100881.68808649687,109709.45358614037,-0.08046494819803492
2023-06-26,-0.018176411552614846,0.9904802100571418,99048.02100571418,109709.45358614037,-0.09717879573664244
2023-06-27,-0.010751874006208695,0.9798306916329643,97983.06916329643,109709.45358614037,-0.10688581557501567
2023-06-28,0.0007654037504782885,0.9805806577191739,98058.06577191739,109709.45358614037,-0.10620222262865144
2023-06-29,-0.017399617590822203,0.9635189292579034,96351.89292579034,109709.45358614037,-0.12175396215843973
2023-06-30,0.010001945903872267,0.9731559934656979,97315.5993465698,109709.45358614037,-0.11296979279765816
2023-07-03,0.03548859432799034,1.0076919317356545,100769.19317356545,109709.45358614037,-0.08149033761758108
2023-07-04,0.014959252781602261,1.0227662500684693,102276.62500684694,109709.45358614037,-0.06775011939565821
2023-07-05,-0.016498625114573784,1.0058920131287512,100589.20131287513,109709.45358614037,-0.08313096068885542
2023-07-06,0.00205032618825729,1.0079544198658281,100795.44198658281,109709.45358614037,-0.08125108008635339
2023-07-07,-0.006888403229850885,1.001011223384482,100101.12233844819,109709.45358614037,-0.08757979311370856
2023-07-10,0.002599273886415158,1.0036131257174337,100361.31257174337,109709.45358614037,-0.08520816309651143
2023-07-11,0.007410647478415799,1.0110505487968366,101105.05487968367,109709.45358614037,-0.07842896327708719
2023-07-12,-0.00476800854168391,1.006229851144099,100622.98511440991,109709.45358614037,-0.08282302185195059
2023-07-13,0.014698024182267622,1.0210194418291345,102101.94418291344,109709.45358614037,-0.06934233244771155
2023-07-14,-0.005177352212631714,1.0157332645628405,101573.32645628405,109709.45358614037,-0.07416067498201596
2023-07-17,-0.008376823113339694,1.0072246466752626,100722.46466752626,109709.45358614037,-0.08191626723906532
2023-07-18,-0.0014771787301757432,1.005736795850685,100573.67958506852,109709.45358614037,-0.08327244100162012
2023-07-19,-0.007937328551138068,0.9977539324660494,99775.39324660494,109709.45358614037,-0.09054880882927302
2023-07-20,-0.0018276531076037716,0.9959303843907539,99593.03843907539,109709.45358614037,-0.09221097012503024
2023-07-21,0.00488744601083424,1.000797940375013,100079.79403750128,109709.45358614037,-0.08777420025228896
2023-07-24,-0.0037042344060802977,0.9970907502107416,99709.07502107415,109709.45358614037,-0.09115329844582845
2023-07-25,0.030775546544177735,1.0277767630026213,102777.67630026213,109709.45358614037,-0.06318304448062564
2023-07-26,-0.0020129264210870133,1.0257079240013942,102570.79240013943,109709.45358614037,-0.06506878808211267
2023-07-27,0.0016747458148407724,1.0274257240543645,102742.57240543645,109709.45358614037,-0.06350301594778925
2023-07-28,0.016752910719692093,1.044638095480562,104463.8095480562,109709.45358614037,-0.047813965584701905
2023-07-31,-0.0060138662632289175,1.0383557816808677,103835.57816808677,109709.45358614037,-0.05354028505338991
2023-08-01,-0.007809404843957299,1.0302468410096581,103024.68410096581,109709.45358614037,-0.06093157213590435
2023-08-02,-0.009228894682727307,1.0207388014167675,102073.88014167675,109709.45358614037,-0.06959813575653633
2023-08-03,0.007185795913070859,1.028073622124301,102807.3622124301,109709.45358614037,-0.06291245784294208
2023-08-04,0.004562334459423112,1.0327640378373428,103276.40378373428,109709.45358614037,-0.05863715105786274
2023-08-07,-0.005468550465009097,1.0271163155779828,102711.63155779828,109709.45358614037,-0.0637850413031875
2023-08-08,-0.004397754562781908,1.022599310114642,102259.9310114642,109709.45358614037,-0.06790228490954103
2023-08-09,0.0010091390561427123,1.0236312550172633,102363.12550172633,109709.45358614037,-0.06696166870110183
2023-08-10,-0.0012648366348191207,1.0223365287053716,102233.65287053716,109709.45358614037,-0.06814180976421919
2023-08-11,-0.018430550607772864,1.0034943035748924,100349.43035748924,109709.45358614037,-0.08531646929862738
2023-08-14,-0.02018982691587348,0.9832339272746504,98323.39272746505,109709.45358614037,-0.10378377146628799
2023-08-15,-0.0016217626414828132,0.9816393552235579,98163.9355223558,109709.45358614037,-0.10523722146441468
2023-08-16,0.000743859147924396,0.9823695566379035,98236.95566379034,109709.45358614037,-0.10457164398637886
2023-08-17,-0.00017444921529094493,0.9821981830396223,98219.81830396222,109709.45358614037,-0.10472785076043471
2023-08-18,-0.0067645978546087004,0.9755540073178318,97555.40073178319,109709.45358614037,-0.11078400682047158
2023-08-21,-0.012650019524314632,0.9632132300782379,96321.32300782378,109709.45358614037,-0.12203260649552551
2023-08-22,0.0018857904628962197,0.9650296484012548,96502.96484012548,109709.45358614037,-0.12037694395812093
2023-08-23,-0.008949889153706314,0.9563927400180234,95639.27400180235,109709.45358614037,-0.1282494728067401
2023-08-24,0.004129546000065876,0.9603422078320569,96034.22078320569,109709.45358614037,-0.1246495389041139
2023-08-25,0.006027745496213419,0.9661309062501403,96613.09062501403,109709.45358614037,-0.1193731491046348
2023-08-28,0.010534685165020777,0.9763087911756817,97630.87911756817,109709.45358614037,-0.11009602248258843
2023-08-29,0.0037593692920260585,0.9799790964647627,97997.90964647627,109709.45358614037,-0.10675054479665756
2023-08-30,-0.005515183470517334,0.9745743319504876,97457.43319504875,109709.45358614037,-0.11167697942704383
2023-08-31,-0.003703920913553633,0.9709645857005637,97096.45857005636,109709.45358614037,-0.11496725764093507
2023-09-01,0.011098691524187045,0.9817410221181643,98174.10221181643,109709.45358614037,-0.10514455224468651
2023-09-04,0.013430312087688776,0.9949261104344979,99492.61104344978,109709.45358614037,-0.09312636430796412
2023-09-05,-0.007113538296454958,0.987848665445779,98784.8665445779,109709.45358614037,-0.09957744464550476
2023-09-06,0.0042850365583652515,0.9920816330913466,99208.16330913466,109709.45358614037,-0.09571910107783403
2023-09-07,-0.01397644823936478,0.9782158554972209,97821.58554972209,109709.45358614037,-0.10835773625546594
2023-09-08,-0.007736119651543721,0.9706482605940572,97064.82605940572,109709.45358614037,-0.11525558749416695
2023-09-11,-0.002305339023444275,0.9684105872808714,96841.05872808714,109709.45358614037,-0.11729522331409095
2023-09-12,-0.005458882546489541,0.9631241476281281,96312.41476281281,109709.45358614037,-0.12211380501324465
2023-09-13,-0.002843716413037689,0.960385295681725,96038.5295681725,109709.45358614037,-0.12461026439470779
2023-09-14,-0.0015802799795388567,0.9588676180263157,95886.76180263158,109709.45358614037,-0.12599362526817853
2023-09-15,-0.007272403467949939,0.9518943458356763,95189.43458356764,109709.45358614037,-0.1323497522587885
2023-09-18,0.005636908906529126,0.9572600875517921,95726.00875517921,109709.45358614037,-0.12745888684954398
2023-09-19,0.0003002045985799562,0.9575474614321123,95754.74614321123,109709.45358614037,-0.127196945994926
2023-09-20,-0.0026573016940677485,0.9550029689406985,95500.29689406985,109709.45358614037,-0.12951624702892123
2023-09-21,-0.006357754747901923,0.9489312942806554,94893.12942806554,109709.45358614037,-0.1350505692423445
2023-09-22,0.01848016387764386,0.9664677001075866,96646.77001075867,109709.45358614037,-0.11906616201606816
2023-09-25,-0.009297301308182515,0.9574821586950603,95748.21586950602,109709.45358614037,-0.12725646934037851
2023-09-26,-0.005330719871989936,0.9523780895246287,95237.80895246286,109709.45358614037,-0.13190882062241643
2023-09-27,-0.0008254091480843218,0.9515919879370999,95159.19879370999,109709.45358614037,-0.132625351023246
2023-09-28,-0.0020376646729004244,0.9496529625602653,94965.29625602653,109709.45358614037,-0.13439276970363542
2023-10-09,-0.006621023942570692,0.9433652875580206,94336.52875580206,109709.45358614037,-0.1401239759002899
2023-10-10,-0.002478806057989913,0.9410268679683245,94102.68679683245,109709.45358614037,-0.14225544179794847
2023-10-11,0.0030389161868503156,0.9438865697496545,94388.65697496544,109709.45358614037,-0.13964882797584555
2023-10-12,0.006719118893339537,0.9502286558336288,95022.86558336289,109709.45358614037,-0.13386802616099117
2023-10-13,-0.0067417912768647685,0.9438224125707027,94382.24125707026,109709.45358614037,-0.13970730714683283
2023-10-16,-0.006407188070354637,0.9377751648683462,93777.51648683462,109709.45358614037,-0.14521936422549497
2023-10-17,0.0031050439114568285,0.9406869979343361,94068.69979343361,109709.45358614037,-0.1425652328167521
2023-10-18,-0.008242351507295964,0.9329335250390183,93293.35250390183,109709.45358614037,-0.14963251156245294
2023-10-19,-0.011273019793071715,0.9224165469456332,92241.65469456333,109709.45358614037,-0.15921872109099405
2023-10-20,-0.009079330736123215,0.9140416220394411,91404.1622039441,109709.45358614037,-0.16685245239894975
2023-10-23,0.002939321660171468,0.9167282843773998,91672.82843773998,109709.45358614037,-0.1644035637661672
2023-10-24,0.0036244789510673225,0.9200509467479738,92005.09467479738,109709.45358614037,-0.16137496207145077
2023-10-25,-0.001352472578858288,0.9188066030713445,91880.66030713446,109709.45358614037,-0.1625091794391931
2023-10-26,0.02893984872133526,0.9453967271683932,94539.67271683931,109709.45358614037,-0.13827232178665652
2023-10-27,0.02087271471311669,0.9651297233452932,96512.97233452932,109709.45358614037,-0.12028572579891302
2023-10-30,0.025397420481613864,0.9896415287483973,98964.15287483972,109709.45358614037,-0.09794325247335024
2023-10-31,0.02854493084475518,1.017890777747618,101789.0777747618,109709.45358614037,-0.0721941049971573
2023-11-01,0.0006112363447199343,1.0185129495859326,101851.29495859327,109709.45358614037,-0.07162699631328606
2023-11-02,-0.0014253469138423291,1.017061215296532,101706.12152965319,109709.45358614037,-0.07295024990898548
2023-11-03,-0.00796556930392378,1.0089597436997544,100895.97436997543,109709.45358614037,-0.08033472894152074
2023-11-06,0.016881253936043672,1.0259922493443954,102599.22493443954,109709.45358614037,-0.06480962596462216
2023-11-07,0.002025667050869595,1.02807056803834,102807.056803834,109709.45358614037,-0.06291524163764821
2023-11-08,0.01717263194942209,1.0457252455212958,104572.52455212957,109709.45358614037,-0.046823029976878386
2023-11-09,-0.017878542373453432,1.0270292024082532,102702.92024082532,109709.45358614037,-0.06386444482483677
2023-11-10,0.00020193253734679395,1.0272365930210248,102723.65930210247,109709.45358614037,-0.0636754085968797
2023-11-13,-0.02204056735882609,1.004595715699094,100459.57156990939,109709.45358614037,-0.08431253382342546
2023-11-14,-0.005376273241181284,0.9991947346345755,99919.47346345756,109709.45358614037,-0.08923551984511556
2023-11-15,0.006028007048131334,1.0052178875374085,100521.78875374085,109709.45358614037,-0.08374542513955423
2023-11-16,-0.010952205365922119,0.9942085347956003,99420.85347956003,109709.45358614037,-0.09378043341089164
2023-11-17,0.0071056707779844075,1.0012730533285201,100127.30533285202,109709.45358614037,-0.08734113551814161
2023-11-20,0.007258256431952326,1.0085405499079825,100854.05499079825,109709.45358614037,-0.08071682344483781
2023-11-21,0.0018550846382365815,1.0104114779891555,101041.14779891555,109709.45358614037,-0.07901147534582095
2023-11-22,-0.009044260541083537,1.0012730533285203,100127.30533285203,109709.45358614037,-0.08734113551814147
2023-11-23,0.0006213807874351218,1.0018952251668352,100189.52251668352,109709.45358614037,-0.08677402683427012
2023-11-24,-0.0049767677434983115,0.9969090253278599,99690.90253278599,109709.45358614037,-0.09131894040004618
2023-11-27,-0.0027088635609161527,0.9942085347956008,99420.85347956007,109709.45358614037,-0.09378043341089123
2023-11-28,0.007314269482897151,1.001480443941292,100148.0443941292,109709.45358614037,-0.08715209929018426
2023-11-29,0.0032146942343009854,1.0046998973501953,100469.98973501952,109709.45358614037,-0.0842175724069787
2023-11-30,0.007915367000496665,1.0126524657630835,101265.24657630836,109709.45358614037,-0.07696881839997397
2023-12-01,-0.022641796738768705,0.9897241944662629,98972.41944662629,109709.45358614037,-0.09786790279730732
2023-12-04,-0.008676767517876327,0.9811365877240618,98113.65877240618,109709.45358614037,-0.10569549327514915
2023-12-05,-0.01572460496613992,0.9657086024642744,96570.86024642743,109709.45358614037,-0.11975807836283621
2023-12-06,0.003453859102730439,0.9690440239114807,96904.40239114808,109709.45358614037,-0.11671784678918463
2023-12-07,-0.013557617589248894,0.9559060956081419,95590.60956081419,109709.45358614037,-0.12869304844582524
2023-12-08,0.01766881058738501,0.9727958193507689,97279.58193507689,109709.45358614037,-0.11329809095534274
2023-12-11,0.020148713442037725,0.9923964035524798,99239.64035524798,109709.45358614037,-0.09543218828149419
2023-12-12,-0.01533641013738496,0.9771766052887332,97717.66052887331,109709.45358614037,-0.10930501123908602
2023-12-13,-0.0038439570999881933,0.9734203803388912,97342.03803388913,109709.45358614037,-0.11272880456505732
2023-12-14,0.0023571383066829377,0.9757148668058939,97571.4866805894,109709.45358614037,-0.11063738364188122
2023-12-15,-0.022866767146670686,0.9534034221450988,95340.34221450987,109709.45358614037,-0.13097423149909618
2023-12-18,0.01815191484814571,0.9707095198798074,97070.95198798073,109709.45358614037,-0.11519974974842334
2023-12-19,-0.01525010723444653,0.9559060956081422,95590.60956081422,109709.45358614037,-0.128693048445825
2023-12-20,-0.011996997275305343,0.9444380927836835,94443.80927836835,109709.45358614037,-0.13914611556957504
2023-12-21,0.005740684285814757,0.9498598137018517,94985.98137018517,109709.45358614037,-0.13420422520284273
2023-12-22,0.0,0.9498598137018517,94985.98137018517,109709.45358614037,-0.13420422520284273
2023-12-25,0.0,0.9498598137018517,94985.98137018517,109709.45358614037,-0.13420422520284273
2023-12-26,0.0,0.9498598137018517,94985.98137018517,109709.45358614037,-0.13420422520284273
2023-12-27,0.0,0.9498598137018517,94985.98137018517,109709.45358614037,-0.13420422520284273
2023-12-28,0.0,0.9498598137018517,94985.98137018517,109709.45358614037,-0.13420422520284273
2023-12-29,0.0,0.9498598137018517,94985.98137018517,109709.45358614037,-0.13420422520284273
2024-01-02,0.0,0.9498598137018517,94985.98137018517,109709.45358614037,-0.13420422520284273
2024-01-03,0.0,0.9498598137018517,94985.98137018517,109709.45358614037,-0.13420422520284273
2024-01-04,0.0,0.9498598137018517,94985.98137018517,109709.45358614037,-0.13420422520284273
2024-01-05,0.0,0.9498598137018517,94985.98137018517,109709.45358614037,-0.13420422520284273
2024-01-08,0.0,0.9498598137018517,94985.98137018517,109709.45358614037,-0.13420422520284273
2024-01-09,0.0,0.9498598137018517,94985.98137018517,109709.45358614037,-0.13420422520284273
2024-01-10,0.0,0.9498598137018517,94985.98137018517,109709.45358614037,-0.13420422520284273
2024-01-11,0.0,0.9498598137018517,94985.98137018517,109709.45358614037,-0.13420422520284273
2024-01-12,0.0,0.9498598137018517,94985.98137018517,109709.45358614037,-0.13420422520284273
2024-01-15,0.0,0.9498598137018517,94985.98137018517,109709.45358614037,-0.13420422520284273
2024-01-16,0.0,0.9498598137018517,94985.98137018517,109709.45358614037,-0.13420422520284273
2024-01-17,0.0,0.9498598137018517,94985.98137018517,109709.45358614037,-0.13420422520284273
2024-01-18,0.0,0.9498598137018517,94985.98137018517,109709.45358614037,-0.13420422520284273
2024-01-19,0.002591733733460666,0.9523215974230814,95232.15974230814,109709.45358614037,-0.13196031308701323
2024-01-22,0.002176870748299198,0.9543946784514853,95439.46784514852,109709.45358614037,-0.1300707028842096
2024-01-23,-0.004344284550637956,0.9502485163946774,95024.85163946774,109709.45358614037,-0.133849923289817
2024-01-24,0.008862830651758857,0.9586704080725685,95867.04080725685,109709.45358614037,-0.12617338184092672
2024-01-25,0.007433436950939454,0.9657966241077074,96579.66241077073,109709.45358614037,-0.11967784676878866
2024-01-26,0.003689294338610094,0.9693597321252766,96935.97321252766,109709.45358614037,-0.1164300792327197
2024-01-29,0.004542350279115204,0.973762903575059,97376.2903575059,109709.45358614037,-0.11241659515650455
2024-01-30,-0.0057813979950110395,0.968133192676714,96813.31926767141,109709.45358614037,-0.11754806807367177
2024-01-31,-0.001840640381483738,0.9663512076276186,96635.12076276186,109709.45358614037,-0.1191723447342937
2024-02-01,-0.004029657739839432,0.9624571430043988,96245.71430043988,109709.45358614037,-0.12272177871279971
2024-02-02,-0.0023515952713868415,0.9601938333379971,96019.3833337997,109709.45358614037,-0.12478478202966947
2024-02-05,0.008825492349798791,0.9686680166684456,96866.80166684456,109709.45358614037,-0.11706057681904473
2024-02-06,0.00931744921053157,0.9776935317156203,97769.35317156203,109709.45358614037,-0.10883383358758004
2024-02-07,0.0008699666167516495,0.978544092449627,97854.4092449627,109709.45358614037,-0.10805854877282259
2024-02-08,0.0018634039239374307,0.9803675153512433,98036.75153512433,109709.45358614037,-0.10639650157268354
2024-02-19,0.0033312102922935885,0.9836333257086116,98363.33257086117,109709.45358614037,-0.10341972040149294
2024-02-20,-0.0027257974053928324,0.9809521405415372,98095.21405415372,109709.45358614037,-0.10586361660134892
2024-02-21,0.041430000658848276,1.0215929883704717,102159.29883704717,109709.45358614037,-0.0688195456480426
2024-02-22,0.0026845860799577237,1.0243355426864336,102433.55426864336,109709.45358614037,-0.06631971156236052
2024-02-23,0.001996132919771021,1.0263802525840815,102638.02525840815,109709.45358614037,-0.0644559616020689
2024-02-26,-0.01901755461524207,1.0068610100745579,100686.10100745579,109709.45358614037,-0.08224772144726558
2024-02-27,0.00040334100728586786,1.0072671184085582,100726.71184085582,109709.45358614037,-0.08187755431879525
2024-02-28,-0.0033343145944077224,1.0039085729551815,100390.85729551816,109709.45358614037,-0.08493886338888332
2024-02-29,0.0035865953771862637,1.0075091868020603,100750.91868020603,109709.45358614037,-0.0816569093464711
2024-03-01,-0.002888890786483763,1.00459860279501,100459.860279501,109709.45358614037,-0.08430990223989121
2024-03-04,-0.008554298115206265,0.9960049668605818,99600.49668605818,109709.45358614037,-0.09214298831727352
2024-03-05,0.009030157950302644,1.0049990490306189,100499.90490306189,109709.45358614037,-0.08394489610548862
2024-03-06,-0.007864231262421353,0.9970955040905286,99709.55040905286,109709.45358614037,-0.0911489652916365
2024-03-07,-0.0010338239371921226,0.9960646828907332,99606.46828907332,109709.45358614037,-0.09208855724665974
2024-03-08,-0.004410835288563437,0.991671205637747,99167.1205637747,109709.45358614037,-0.09609320507724671
2024-03-11,0.025852642520372133,1.0173085268148463,101730.85268148463,109709.45358614037,-0.07272482583637335
2024-03-12,0.015999566659206363,1.0335850224025993,103358.50224025993,109709.45358614037,-0.057888824875915346
2024-03-13,-0.008611681067954612,1.0246841178330535,102468.41178330535,109709.45358614037,-0.06600198584663983
2024-03-14,0.006414129140742686,1.0312565740933026,103125.65740933026,109709.45358614037,-0.060011201966662986
2024-03-15,0.003008670540441849,1.034359285367414,103435.9285367414,109709.45358614037,-0.05718308536167488
2024-03-18,0.01036045018300702,1.0450757132147939,104507.57132147938,109709.45358614037,-0.04741507768586815
2024-03-19,-0.007665982416112617,1.0370641811737829,103706.41811737829,109709.45358614037,-0.05471757695018227
2024-03-20,0.003273353127800132,1.0404588584549577,104045.88584549577,109709.45358614037,-0.05162333377403754
2024-03-21,0.0013831265419934377,1.0418979447179388,104189.79447179388,109709.45358614037,-0.05031160883517326
2024-03-22,-0.009247200083890227,1.0322633059561381,103226.3305956138,109709.45358614037,-0.05909356740562218
2024-03-25,-0.0030458546144709084,1.0291191820023426,102911.91820023427,109709.45358614037,-0.061959431605124994
2024-03-26,0.017040929876522417,1.0466563298174287,104665.63298174288,109709.45358614037,-0.04597434805777467
2024-03-27,-0.009722170049295122,1.0364805589957726,103648.05589957726,109709.45358614037,-0.055249547677346654
2024-03-28,-0.002564992578389035,1.0338219940543039,103382.19940543038,109709.45358614037,-0.05767282557598405
2024-03-29,-0.003857155906139763,1.02983438144404,102983.438144404,109709.45358614037,-0.06130752840232964
2024-04-01,0.016968499835745086,1.047309125976418,104730.9125976418,109709.45358614037,-0.045379325352209315
2024-04-02,-0.005022854857921594,1.0420486442452617,104204.86442452617,109709.45358614037,-0.05017424644533641
2024-04-03,-0.008969474231831427,1.032702015782389,103270.20157823889,109709.45358614037,-0.058693684066574846
2024-04-08,-0.005655185417092213,1.0268618944025347,102686.18944025347,109709.45358614037,-0.0640169458174583
2024-04-09,-0.00047180884872936407,1.0263774118743327,102637.74118743328,109709.45358614037,-0.06445855090468218
2024-04-10,-0.0064287224393572645,1.019779116375367,101977.91163753669,109709.45358614037,-0.07047288721143
2024-04-11,-0.002651730035177366,1.0170749374632277,101707.49374632277,109709.45358614037,-0.07293774217492313
2024-04-12,-0.012187863162159931,1.0046789672997636,100467.89672997636,109709.45358614037,-0.0842366501160981
2024-04-15,0.02295065531122234,1.0277370079766954,102773.70079766955,109709.45358614037,-0.06321928112626223
2024-04-16,-0.0048788256701380395,1.0227228582800278,102272.28582800279,109709.45358614037,-0.06778967094479381
2024-04-17,0.006497268578599684,1.0293677633717464,102936.77633717464,109709.45358614037,-0.06173285006517729
2024-04-18,-0.0030382398201170674,1.0262402972435256,102624.02972435256,109709.45358614037,-0.06458353068201698
2024-04-19,-0.012978899481803656,1.0129208275814257,101292.08275814257,109709.45358614037,-0.07672420701091862
2024-04-22,-5.614135375555028e-05,1.0128639608349181,101286.39608349181,109709.45358614037,-0.07677604096382673
2024-04-23,0.008552395531179004,1.021526374047255,102152.63740472551,109709.45358614037,-0.06888026450228822
2024-04-24,0.002152591898542809,1.023725303444177,102372.53034441768,109709.45358614037,-0.06687594370308271
2024-04-25,0.0112886402456025,1.0352817701050785,103528.17701050785,109709.45358614037,-0.056342241927029406
2024-04-26,0.02095514597190808,1.0569762507196858,105697.62507196858,109709.45358614037,-0.036567755859086774
2024-04-29,0.016706990539532618,1.0746351429409704,107463.51429409704,109709.45358614037,-0.0204717024707437
2024-04-30,-0.007473516277583063,1.0666038397077382,106660.38397077382,109709.45358614037,-0.02779222314668185
2024-05-06,0.02089818202603788,1.0888939208996213,108889.39208996213,109709.45358614037,-0.007474848058871745
2024-05-07,0.0034908216302169484,1.0926950553517094,109269.50553517095,109709.45358614037,-0.00401011978994128
2024-05-08,-0.012278086885932812,1.079278850522272,107927.8850522272,109709.45358614037,-0.016238970076670224
2024-05-09,0.009236750573673458,1.089247880063987,108924.78800639871,109709.45358614037,-0.007152214819168397
2024-05-10,-0.0009743280818431677,1.0881865952663525,108818.65952663525,109709.45358614037,-0.008119574297265965
2024-05-13,-0.009083876353436743,1.0783016427854857,107830.16427854857,109709.45358614037,-0.017129693441743726
2024-05-14,-0.0036288133160834873,1.074388687425391,107438.8687425391,109709.45358614037,-0.02069634629816549
2024-05-15,-0.00789455992676534,1.0659068615478724,106590.68615478724,109709.45358614037,-0.02842751767881493
2024-05-16,0.011599274511382124,1.078270607838532,107827.0607838532,109709.45358614037,-0.01715798174866649
2024-05-17,0.010976967684343641,1.0901067494557533,109010.67494557533,109709.45358614037,-0.006369356675506379
2024-05-20,-0.0009381522412420518,1.0890840633655583,108908.40633655582,109709.45358614037,-0.007301533490508084
2024-05-21,-0.0019967903798742016,1.0869093907849556,108690.93907849556,109709.45358614037,-0.009283744238550095
2024-05-22,-0.000826059387851161,1.0860115390789542,108601.15390789542,109709.45358614037,-0.010102134702318489
2024-05-23,-0.007937634796219043,1.0773911760972656,107739.11760972657,109709.45358614037,-0.017959582442608334
2024-05-24,-0.013837997724562116,1.0624822394539684,106248.22394539684,109709.45358614037,-0.03154905550619563
2024-05-27,0.004107809360055232,1.0668467139420899,106684.67139420898,109709.45358614037,-0.027570843651649617
2024-05-28,-0.003523910862087007,1.0630872412186474,106308.72412186474,109709.45358614037,-0.030997597318315754
2024-05-29,0.005657574856683599,1.069101736865027,106910.1736865027,109709.45358614037,-0.02551539368883795
2024-05-30,-0.005100999458738931,1.0636482494839417,106364.82494839416,109709.45358614037,-0.03048623913818068
2024-05-31,-0.0007219950348466703,1.0628803007289909,106288.03007289908,109709.45358614037,-0.031186223259738452
2024-06-03,0.004138341384230179,1.0672788622639806,106727.88622639806,109709.45358614037,-0.02717694111384197
2024-06-04,0.0055143881530238525,1.0731642521780218,107316.42521780219,109709.45358614037,-0.02181241716293169
2024-06-05,-0.007444141674873825,1.0651754654443986,106517.54654443986,109709.45358614037,-0.029094184114173256
2024-06-06,-0.0029811887052976632,1.0619999763776555,106199.99763776555,109709.45358614037,-0.0319886375663999
2024-06-07,-0.00925847582699832,1.0521674752680903,105216.74752680903,109709.45358614037,-0.040950947365751
2024-06-11,-0.00382156231235515,1.04814655169832,104814.655169832,109709.45358614037,-0.044616013080997934
2024-06-12,-0.006891975629529494,1.0409227512078398,104092.27512078399,109709.45358614037,-0.0512004962356863
2024-06-13,0.0013292192507182246,1.0423063657672558,104230.63657672558,109709.45358614037,-0.04993933367021103
2024-06-14,0.009338869433317425,1.0520403288266718,105204.03288266718,109709.45358614037,-0.04106684115362658
2024-06-17,-0.00012017775195901795,1.051913896984983,105191.3896984983,109709.45358614037,-0.04118208358493583
2024-06-18,-9.53013674462084e-05,1.0518136481521647,105181.36481521647,109709.45358614037,-0.0412734602435021
2024-06-19,0.0018441853677134848,1.0537533874916485,105375.33874916485,109709.45358614037,-0.03950539078724438
2024-06-20,-0.008998372471834453,1.0442713220175412,104427.13220175412,109709.45358614037,-0.04814827903812989
2024-06-21,-0.00363110972325623,1.0404794582664458,104047.94582664459,109709.45358614037,-0.051604557077212565
2024-06-24,-0.0005833116714641559,1.0398725344545203,103987.25344545204,109709.45358614037,-0.05215776720823284
2024-06-25,0.004017630258091098,1.0440503578135027,104405.03578135028,109709.45358614037,-0.04834968757387196
2024-06-26,-0.0007366459964388283,1.0432812622973389,104328.12622973388,109709.45358614037,-0.049050716966530516
2024-06-27,-0.0019158964789501853,1.0412824434003487,104128.24434003487,109709.45358614037,-0.050872637349554495
2024-06-28,0.002588677643018067,1.0439779879816462,104397.79879816461,109709.45358614037,-0.048415652565484836
2024-07-01,0.003017123045312209,1.0471277980279843,104712.77980279842,109709.45358614037,-0.045544605501281775
2024-07-02,0.0021806207185571247,1.0494111865993412,104941.11865993412,109709.45358614037,-0.04346330029309926
2024-07-03,-0.006413947136619543,1.0426803187239158,104268.03187239157,109709.45358614037,-0.04959847611925594
2024-07-04,-0.0003070952138667371,1.0423601165884426,104236.01165884426,109709.45358614037,-0.0498903398784913
2024-07-05,-0.013790126084385568,1.0279858391553531,102798.58391553532,109709.45358614037,-0.0629924718855596
2024-07-08,0.007864914478835083,1.0360708598657633,103607.08598657633,109709.45358614037,-0.055622987810915056
2024-07-09,0.019236294577076207,1.056001024128866,105600.1024128866,109709.45358614037,-0.037456673412626575
2024-07-10,0.00338328468884469,1.0595737762252053,105957.37762252054,109709.45358614037,-0.03420011531343398
2024-07-11,-0.001475059423533931,1.0580108419416547,105801.08419416548,109709.45358614037,-0.03562472753458902
2024-07-12,0.02665665096755443,1.086213867675182,108621.3867675182,109709.45358614037,-0.00991771249473828
2024-07-15,0.001253925693961322,1.087575899152997,108757.58991529969,109709.45358614037,-0.008676222875299545
2024-07-16,-0.005752069677288474,1.0813200868017292,108132.00868017292,109709.45358614037,-0.014378386314073583
2024-07-17,0.0032779738784308363,1.0848646258004877,108486.46258004877,109709.45358614037,-0.01114754441039438
2024-07-18,0.0013150052924842208,1.0862912285250441,108629.12285250441,109709.45358614037,-0.009847198197808143
2024-07-19,0.004854035611382275,1.0915641248326369,109156.41248326369,109709.45358614037,-0.005040961237150386
2024-07-22,-0.009175385935721647,1.0815486027137091,108154.86027137091,109709.45358614037,-0.01417009440803424
2024-07-23,-0.0132874739664491,1.0671775538117012,106717.75538117012,109709.45358614037,-0.027269283613934537
2024-07-24,-0.006866414577018236,1.059849870299942,105984.9870299942,109709.45358614037,-0.03394845598444113
2024-07-25,-0.0036481699533402003,1.0559833578480622,105598.33578480622,109709.45358614037,-0.03747277620069666
2024-07-26,-0.00029598247998926147,1.0556708052749788,105567.08052749788,109709.45358614037,-0.03775766739545407
2024-07-29,0.00010195000633609712,1.0557784309202656,105577.84309202655,109709.45358614037,-0.03765956678354805
2024-07-30,-0.007433169099584321,1.0479306513115414,104793.06513115414,109709.45358614037,-0.04481280595501312
2024-07-31,0.007303577270730314,1.055584293797762,105558.4293797762,109709.45358614037,-0.03783652247529358
2024-08-01,-0.005317715519369881,1.0499709968166304,104997.09968166304,109709.45358614037,-0.04295303413189771
2024-08-02,-0.017404142844177056,1.031697151605791,103169.71516057909,109709.45358614037,-0.05960961623445231
2024-08-05,-0.006175678630858689,1.0253257215531013,102532.57215531013,109709.45358614037,-0.0654171650321381
2024-08-06,-0.010896058824299781,1.014153712176991,101415.3712176991,109709.45358614037,-0.07560043457812891
2024-08-07,-0.0003226826345668732,1.01382646238529,101382.64623852899,109709.45358614037,-0.07589872226529171
2024-08-08,0.00283716582627076,1.0167028561781384,101670.28561781383,109709.45358614037,-0.07327689370008976
2024-08-09,0.004275970614892976,1.021050247715234,102105.02477152339,109709.45358614037,-0.06931425292940895
2024-08-12,0.0028765443837721395,1.0239873440708482,102398.73440708482,109709.45358614037,-0.06663709407061633
2024-08-13,-0.005654151833731724,1.0181975641516519,101819.75641516519,109709.45358614037,-0.07191446965671415
2024-08-14,-0.004919924928767583,1.0131881085733716,101318.81085733716,109709.45358614037,-0.07648058079347873
2024-08-15,0.014775338014612505,1.028158305349929,102815.8305349929,109709.45358614037,-0.06283526921164381
2024-08-16,0.004692181581204546,1.0329826108128546,103298.26108128545,109709.45358614037,-0.058437922123284046
2024-08-19,-0.007541180085783972,1.0251927029192316,102519.27029192315,109709.45358614037,-0.06553841131449731
2024-08-20,0.00037250085692552837,1.0255745880795828,102557.45880795828,109709.45358614037,-0.06519032357194794
2024-08-21,0.001103162349973097,1.0267059633522413,102670.59633522412,109709.45358614037,-0.06415907673252207
2024-08-22,0.016436746305370675,1.0435816688020734,104358.16688020734,109709.45358614037,-0.0487768968945905
2024-08-23,0.0051108217040821136,1.0489152286449692,104891.52286449692,109709.45358614037,-0.04391536521381512
2024-08-26,0.000258188027295464,1.049186045998653,104918.6045998653,109709.45358614037,-0.04366851560803236
2024-08-27,-0.0010703328503549603,1.0480630677074867,104806.30677074866,109709.45358614037,-0.04469210861160578
2024-08-28,-0.0013352588212335315,1.0466636322511211,104666.36322511212,109709.45358614037,-0.045967691900576105
2024-08-29,-0.006882129645553847,1.0394603574386825,103946.03574386825,109709.45358614037,-0.052533465930963405
2024-08-30,-0.001392906483468792,1.0380124863674973,103801.24863674973,109709.45358614037,-0.053853198209137955
2024-09-02,-0.003972689498795834,1.0338887850632863,103388.87850632863,109709.45358614037,-0.057611945672931666
2024-09-03,-0.0007850023882147283,1.033077179897863,103307.71798978631,109709.45358614037,-0.05835172254620357
2024-09-04,-0.005283665438548302,1.0276187457070838,102761.87457070837,109709.45358614037,-0.06332707700505481
2024-09-05,0.005263325872581426,1.0330274380385136,103302.74380385136,109709.45358614037,-0.05839706217530891
2024-09-06,-0.0020252053806434135,1.0309353453126457,103093.53453126458,109709.45358614037,-0.06030400151142109
2024-09-09,-0.010349992369811906,1.0202651723548903,102026.51723548904,109709.45358614037,-0.07002984792572078
2024-09-10,0.001573650885245248,1.0218707135465515,102187.07135465514,109709.45358614037,-0.06856639957265756
2024-09-11,-0.0025930306443327387,1.019220971471779,101922.0971471779,109709.45358614037,-0.07098163544172684
2024-09-12,0.00456111278577267,1.0238697532762866,102386.97532762866,109709.45358614037,-0.06674427790092245
2024-09-13,-0.007335013666927709,1.0163596546428513,101635.96546428512,109709.45358614037,-0.07358972137725762
2024-09-18,0.012312754915379198,1.0288738419763481,102887.38419763482,109709.45358614037,-0.06218305866548756
2024-09-19,-0.0015795151675782881,1.0272487201374219,102724.87201374219,109709.45358614037,-0.06366435474873738
2024-09-20,-0.012860896337706706,1.0140373808346925,101403.73808346926,109709.45358614037,-0.07570647041961363
2024-09-23,-0.002697100881207809,1.0113024197212657,101130.24197212656,109709.45358614037,-0.07819938331273964
2024-09-24,0.03117367984509617,1.0428284375802275,104282.84375802275,109709.45358614037,-0.04946346600711873
2024-09-25,0.01932705283883074,1.0629832378951758,106298.32378951758,109709.45358614037,-0.03109239618939927
2024-09-26,0.03537142105536406,1.1005824655775602,110058.24655775602,110058.24655775602,0.0
2024-09-27,0.05512038418816895,1.1612469939109575,116124.69939109575,116124.69939109575,0.0
2024-09-30,0.05569148403646492,1.2259185623347424,122591.85623347425,122591.85623347425,0.0
2024-10-08,0.06549272357599957,1.3062073078644185,130620.73078644185,130620.73078644185,0.0
2024-10-09,-0.0774056453279511,1.2050994882670876,120509.94882670876,130620.73078644185,-0.07740564532795106
2024-10-10,0.015501278297908826,1.2237800708113833,122378.00708113833,130620.73078644185,-0.06310425348009994
2024-10-11,-0.023842582133346602,1.1946019939599102,119460.19939599102,130620.73078644185,-0.08544226726688375
2024-10-14,0.016785227480232166,1.2146536601768663,121465.36601768663,130620.73078644185,-0.070091207679153
2024-10-15,-0.0198602855334421,1.1905302916615133,119053.02916615132,130620.73078644185,-0.0885594618147033
2024-10-16,-0.0016665312069193527,1.1885462357776766,118854.62357776766,130620.73078644185,-0.09007840591484034
2024-10-17,-0.013621513081975567,1.172356437678498,117235.6437678498,130620.73078644185,-0.10247291481224352
2024-10-18,0.023912377818043118,1.2003902677536815,120039.02677536815,130620.73078644185,-0.0810109080493068
2024-10-21,-0.001815511437388595,1.1982109454932448,119821.09454932448,130620.73078644185,-0.08267934325657864
2024-10-22,0.0016947645806913215,1.2002416309638633,120024.16309638633,130620.73078644185,-0.08112470069839348
2024-10-23,0.007577109458798736,1.2093359931786836,120933.59931786836,130620.73078644185,-0.07416228197659878
2024-10-24,-0.011660051392263537,1.195235073347706,119523.50733477059,130620.73078644185,-0.08495759734964774
2024-10-25,0.0052715203769504336,1.2015357793921042,120153.57793921042,130620.73078644185,-0.08013393267830275
2024-10-28,0.0020467735564124513,1.2039950510524475,120399.50510524475,130620.73078644185,-0.07825117513626745
2024-10-29,-0.007902707462883973,1.19448023037722,119448.023037722,130620.73078644185,-0.08553548645342259
2024-10-30,-0.010035950724649545,1.182492485643586,118249.24856435861,130620.73078644185,-0.0947130072508167
2024-10-31,-0.009539099949700192,1.1712125716332626,117121.25716332627,130620.73078644185,-0.10334863035781454
2024-11-01,0.0031988857314941277,1.174959146817207,117495.9146817207,130620.73078644185,-0.10048034508534145
2024-11-04,0.012356460147021442,1.189477482689232,118947.7482689232,130620.73078644185,-0.08936546631792605
2024-11-05,0.015757610606296768,1.2082208056864072,120822.08056864073,130620.73078644185,-0.0750160419315171
2024-11-06,-0.007902141758039206,1.1986732736048609,119867.32736048609,130620.73078644185,-0.08232539629208648
2024-11-07,0.029203563281969002,1.2336788044049853,123367.88044049853,130620.73078644185,-0.05552602793044668
2024-11-08,-0.0171466760853757,1.2125253135524596,121252.53135524596,130620.73078644185,-0.07172061720059139
2024-11-11,-0.0024776284500560575,1.209521126339189,120952.11263391889,130620.73078644185,-0.07402054860901562
2024-11-12,-0.004426542350585793,1.2041671298495202,120416.71298495203,130620.73078644185,-0.07811943586637
2024-11-13,0.0037362983517356787,1.2086662575119913,120866.62575119913,130620.73078644185,-0.0746750150341004
2024-11-14,-0.007390789485641513,1.199733259644322,119973.3259644322,130620.73078644185,-0.08151389720378778
2024-11-15,-0.013133046299072826,1.1839771071988756,118397.71071988756,130620.73078644185,-0.09357641771686533
2024-11-18,0.0012360211909010154,1.1854405279929152,118544.05279929152,130620.73078644185,-0.09245605896123092
2024-11-19,-0.0013118209544110803,1.183885442268086,118388.5442268086,130620.73078644185,-0.09364659412013429
2024-11-20,0.005479244467342104,1.1903722400276004,119037.22400276005,130620.73078644185,-0.08868046223551022
2024-11-21,-0.0019408262867365855,1.1880619342931533,118806.19342931533,130620.73078644185,-0.09044917515002025
2024-11-22,-0.024999326724882753,1.1583611858283627,115836.11858283626,130620.73078644185,-0.11318733339333147
2024-11-25,-0.0009660624739120882,1.1572421365554977,115724.21365554977,130620.73078644185,-0.11404404983192996
2024-11-26,0.0019860934885053026,1.1595405276275343,115954.05276275343,130620.73078644185,-0.1122844584881988
2024-11-27,0.008829534846218002,1.1697787311218235,116977.87311218235,130620.73078644185,-0.10444634318089117
2024-11-28,-0.007877845684275376,1.1605633947932983,116056.33947932984,130620.73078644185,-0.1115013766913006
2024-11-29,0.0075246764352594805,1.1692962588217242,116929.62588217242,130620.73078644185,-0.10481571203772917
2024-12-02,0.0053676576963286645,1.175572640884677,117557.2640884677,130620.73078644185,-0.10001066920481598
2024-12-03,0.002098478539813253,1.1780395548435652,117803.95548435651,130620.73078644185,-0.09812206090808133
2024-12-04,-0.006284492941176123,1.1706361735767246,117063.61735767245,130620.73078644185,-0.10378990645010691
2024-12-05,-0.005622329171544793,1.1640544716687586,116405.44716687586,130620.73078644185,-0.1088286946029053
2024-12-06,0.015021650560009025,1.1815404911749825,118154.04911749825,130620.73078644185,-0.0954418306641232
2024-12-09,-0.002095561941211731,1.1790644998896755,117906.44998896755,130620.73078644185,-0.09733738833739566
2024-12-10,0.008336807228157592,1.1888941333348197,118889.41333348198,130620.73078644185,-0.08981206415189924
2024-12-11,-0.005196516948389042,1.182716024821105,118271.60248211051,130620.73078644185,-0.09454187118675314
2024-12-12,0.011524689185397254,1.196346459401757,119634.6459401757,130620.73078644185,-0.084106747681789
2024-12-13,-0.0250587612358569,1.1663674991202455,116636.74991202455,130620.73078644185,-0.10705789800916359
2024-12-16,-0.004127728447837065,1.1615530508134944,116155.30508134943,130620.73078644185,-0.11074372052582254
2024-12-17,0.008021021857840954,1.1708698932231112,117086.98932231111,130620.73078644185,-0.1036109764709379
2024-12-18,0.0006185539247980006,1.171594139390992,117159.4139390992,130620.73078644185,-0.10305651152228819
2024-12-19,-0.005804212541886122,1.1647939579931386,116479.39579931386,130620.73078644185,-0.1082625621674736
2024-12-20,-0.025579295817032777,1.1349993487757397,113499.93487757398,130620.73078644185,-0.1310725778809146
2024-12-23,0.0029442042413012626,1.1383410186722793,113834.10186722793,130620.73078644185,-0.12851427807932872
2024-12-24,0.01746966928745919,1.1582274598048334,115822.74598048335,130620.73078644185,-0.11328971072863193
2024-12-25,-0.0009482689048502246,1.1571291487199569,115712.91487199569,130620.73078644185,-0.11413055052355875
2024-12-26,-0.02441585718036232,1.1288768486855763,112887.68486855763,130620.73078644185,-0.13575981248242167
2024-12-27,0.0027945681874639305,1.1320315720144776,113203.15720144776,130620.73078644185,-0.13334463434805713
2024-12-30,0.004252420370332133,1.136845446131171,113684.5446131171,130620.73078644185,-0.12965925141710116
2024-12-31,-0.009899388054913416,1.1255913719014574,112559.13719014575,130620.73078644185,-0.13827509222732706
2025-01-02,-0.017382026229457753,1.106026313151415,110602.6313151415,130620.73078644185,-0.15325361717680877
2025-01-03,-0.001241511618512825,1.1046531686332566,110465.31686332566,130620.73078644185,-0.15430486264901747
2025-01-06,0.004828782420368244,1.1099872984345571,110998.72984345572,130620.73078644185,-0.15022118483678595
2025-01-07,-0.004404880703289732,1.105097936802786,110509.7936802786,130620.73078644185,-0.15396435914176287
2025-01-08,-0.00043110329649123647,1.1046215254392846,110462.15254392846,130620.73078644185,-0.15432908789548597
2025-01-09,-0.0014656856259998574,1.1030024975472783,110300.24975472783,130620.73078644185,-0.15556857559568366
2025-01-10,-0.0034750036913121507,1.099169559796775,109916.9559796775,130620.73078644185,-0.15850297791254864
2025-01-13,-0.005259242286747974,1.0933887607675856,109338.87607675856,130620.73078644185,-0.16292861463528346
2025-01-14,0.013325377183316686,1.1079585784128128,110795.85784128128,130620.73078644185,-0.1517743226959373
2025-01-15,0.009764175653288168,1.118776880589003,111877.6880589003,130620.73078644185,-0.14349209818911107
2025-01-16,0.006582002516237528,1.1261406728321481,112614.06728321481,130620.73078644185,-0.1378545610242145
2025-01-17,-0.005643912039452396,1.1197848339306338,111978.48339306338,130620.73078644185,-0.1427204340470089
2025-01-20,-0.0047195278222115595,1.1144999782520075,111449.99782520076,130620.73078644185,-0.1467663888099375
2025-01-21,0.0016071950008011981,1.1162911970454472,111629.11970454472,130620.73078644185,-0.14539507601551732
2025-01-22,-0.014490358094437938,1.1001157378625899,110011.57378625899,130620.73078644185,-0.15777860739332236
2025-01-23,0.014927098256106053,1.1165372735747534,111653.72735747533,130620.73078644185,-0.14520668591248806
2025-01-24,0.005719975544357325,1.1229238394739645,112292.38394739645,130620.73078644185,-0.14031728906042723
2025-01-27,0.005127000143597571,1.1286810701601966,112868.10701601965,130620.73078644185,-0.13590969567799174
2025-02-05,-0.009345657473091296,1.1181328034821174,111813.28034821175,130620.73078644185,-0.14398518768800428
2025-02-06,0.0038613146941369747,1.1224502661061997,112245.02661061997,130620.73078644185,-0.14067984511482493
2025-02-07,-0.002088688946015438,1.1201058166429316,112010.58166429316,130620.73078644185,-0.14247469762342185
2025-02-10,0.00789503788843271,1.1289490945043816,112894.90945043816,130620.73078644185,-0.13570450287086888
2025-02-11,0.0024081486543655974,1.1316677717471597,113166.77717471597,130620.73078644185,-0.13362315083248305
2025-02-12,0.024304666796464963,1.1591725798637724,115917.25798637724,130620.73078644185,-0.11256615019329537
2025-02-13,-0.00391786765882259,1.1546310951021301,115463.10951021302,130620.73078644185,-0.11604299857279747
2025-02-14,0.021156018233596658,1.1790584916031883,117905.84916031883,130620.73078644185,-0.09734198813288833
2025-02-17,-0.011230269715880592,1.1658173467316852,116581.73467316852,130620.73078644185,-0.10747908106735647
2025-02-18,0.010474470866215002,1.1780286665653543,117802.86665653544,130620.73078644185,-0.09813039670450906
2025-02-19,0.001067465893507998,1.1792861719884875,117928.61719884875,130620.73078644185,-0.0971676816625996
2025-02-20,0.0013526546207360823,1.1808813388781978,118088.13388781979,130620.73078644185,-0.09594646135545067
2025-02-21,0.010159715699380123,1.1928787575559034,119287.87575559034,130620.73078644185,-0.0867615344258037
2025-02-24,-0.01003418550272911,1.1809091908203226,118090.91908203227,130620.73078644185,-0.0959251385976027
2025-02-25,-0.006106301509909179,1.173698203245351,117369.82032453509,130620.73078644185,-0.10144569228885512
2025-02-26,0.0013637550929340159,1.1752988401475941,117529.88401475942,130620.73078644185,-0.1002202842754363
2025-02-27,0.011841303270740289,1.189215910147531,118921.5910147531,130620.73078644185,-0.0895657197846814
2025-02-28,-0.01705747316774886,1.1689308916695296,116893.08916695295,130620.73078644185,-0.10509542809045286
2025-03-03,0.007370483036707315,1.1775464769776631,117754.64769776631,130620.73078644185,-0.0984995491237216
2025-03-04,-0.020407702887713264,1.1535154583390295,115351.54583390294,130620.73078644185,-0.11689710247834427
2025-03-05,0.006929311657479453,1.1615085264515808,116150.85264515807,130620.73078644185,-0.11077780727579367
2025-03-06,0.007470440408453016,1.1701855066823472,117018.55066823472,130620.73078644185,-0.10413492587517366
2025-03-07,-0.004309471105663979,1.1651426260530329,116514.26260530329,130620.73078644185,-0.10799563052668809
2025-03-10,-0.009221135243847664,1.154398688319826,115439.8688319826,130620.73078644185,-0.11622092345570456
2025-03-11,0.0008450621913138334,1.1553742270050276,115537.42270050275,130620.73078644185,-0.11547407517264265
2025-03-12,0.0004752418031413186,1.1559233091359724,115592.33091359724,130620.73078644185,-0.11505371147720245
2025-03-13,0.0008151561888477821,1.1568655671752481,115686.55671752481,130620.73078644185,-0.11433234203331509
2025-03-14,0.02607240096274626,1.187027830102636,118702.7830102636,130620.73078644185,-0.09124085973507128
2025-03-17,-0.0040968313371304455,1.1821647772902255,118216.47772902255,130620.73078644185,-0.09496389265881248
2025-03-18,0.0010143526997465346,1.1833639093236152,118336.39093236152,130620.73078644185,-0.09404586683996274
2025-03-19,0.011895655131050786,1.197440798283461,119744.07982834609,130620.73078644185,-0.08326894890734096
2025-03-20,-0.009490385449591254,1.1860766235546847,118607.66235546846,130620.73078644185,-0.09196907993581921
2025-03-21,-0.02047303799066378,1.1617940317808113,116179.40317808113,130620.73078644185,-0.11055923145899056
2025-03-24,0.0013808511498313082,1.163398296405463,116339.8296405463,130620.73078644185,-0.10933104615104386
2025-03-25,-0.0006676823641322049,1.1626215158804916,116262.15158804915,130620.73078644185,-0.10992573010380902
2025-03-26,-0.0022920947952134395,1.1599566771551388,115995.66771551389,130620.73078644185,-0.1119658647051913
2025-03-27,0.01062775328188984,1.1722844105376244,117228.44105376245,130620.73078644185,-0.10252805700938165
2025-03-28,-0.0026920985886725425,1.1691285053304932,116912.85053304932,130620.73078644185,-0.10494413996048
2025-03-31,-0.004957597921121715,1.1633324362829425,116333.24362829425,130620.73078644185,-0.10938146703149983
2025-04-01,0.0013627477157740857,1.164917764903173,116491.7764903173,130620.73078644185,-0.10816777866007098
2025-04-02,-0.00399840848566894,1.1602599478268778,116025.99478268778,130620.73078644185,-0.1117336881816694
2025-04-03,8.612130014547248e-05,1.1603598709220915,116035.98709220915,130620.73078644185,-0.11165718953202004
2025-04-07,-0.04632769185838773,1.1066030763771744,110660.30763771744,130620.73078644185,-0.15281206151999463
2025-04-08,0.015652935472624505,1.123924662925514,112392.4662925514,130620.73078644185,-0.13955108338578143
2025-04-09,-0.006175704080301135,1.1169836367987338,111698.36367987338,130620.73078644185,-0.14486496127100656
2025-04-10,0.012090441338320998,1.1304884619353133,113048.84619353132,130620.73078644185,-0.1345260012489109
2025-04-11,0.008408637264652574,1.1399943293436023,113999.43293436023,130620.73078644185,-0.1272485443314246
2025-04-14,0.0015998949064709603,1.141818200464525,114181.8200464525,130620.73078644185,-0.12585223372288526
2025-04-15,0.003317928197882347,1.1456066712687014,114560.66712687015,130620.73078644185,-0.1229518742000386
2025-04-16,0.00030620660927532003,1.1459574636030738,114595.74636030738,130620.73078644185,-0.12268331626726611
2025-04-17,-0.0012612499889632274,1.144512124764752,114451.21247647521,130620.73078644185,-0.12378983192494133
2025-04-18,-0.0015387038440161649,1.1427510595588533,114275.10595588533,130620.73078644185,-0.1251380598787246
2025-04-21,-0.0007611994334175698,1.1418811980997798,114188.11980997799,130620.73078644185,-0.12580400429186342
2025-04-22,0.007236520498298464,1.1501444447964506,115014.44447964506,130620.73078644185,-0.11947786704939103
2025-04-23,0.009627620883952215,1.1612175994727347,116121.75994727347,130620.73078644185,-0.11100053377341343
2025-04-24,-0.002042680597701879,1.1588456028125818,115884.56028125818,130620.73078644185,-0.11281647573444183
2025-04-25,-0.0029328940788005686,1.1554468314058486,115544.68314058486,130620.73078644185,-0.11541849103956973
2025-04-28,-0.0029102841030883564,1.1520841528604444,115208.41528604444,130620.73078644185,-0.11799287454298314
2025-04-29,-0.005287552465455092,1.1459924474575753,114599.24474575753,130620.73078644185,-0.12265653349374246
2025-04-30,0.015588417593399795,1.1638566562874262,116385.66562874262,130620.73078644185,-0.10898013716500204
2025-05-06,-5.9980070722887024e-05,1.1637868480828708,116378.68480828709,130620.73078644185,-0.10903358059939029
2025-05-07,0.0062203004560126285,1.1710259519447022,117102.59519447021,130620.73078644185,-0.10349150177450084
2025-05-08,0.0069324448794778615,1.1791440248089968,117914.40248089968,130620.73078644185,-0.09727650602656915
2025-05-09,0.015405574365533137,1.197309415770866,119730.94157708659,130620.73078644185,-0.0833695321086475
2025-05-12,-0.015966468240346532,1.1781926130100926,117819.26130100926,130620.73078644185,-0.09800488336236868
2025-05-13,0.0008984743119721342,1.1792511888074375,117925.11888074376,130620.73078644185,-0.0971944639205454
2025-05-14,0.022808604350738282,1.2061482626030842,120614.82626030841,130620.73078644185,-0.07660272964245297
2025-05-15,0.002930638352219739,1.2096830469599318,120968.30469599318,130620.73078644185,-0.07389658618760823
2025-05-16,-0.006104785842391963,1.2022981910210693,120229.81910210692,130620.73078644185,-0.07955024919684102
2025-05-19,-0.005352730260549987,1.1958626131117864,119586.26131117865,130620.73078644185,-0.08447716843128059
2025-05-20,0.00864042905337764,1.2061953791779656,120619.53791779657,130620.73078644185,-0.07656665835836367
2025-05-21,0.00648073949518045,1.2140124172107085,121401.24172107085,130620.73078644185,-0.07058212743002021
2025-05-22,-0.0007728816746977689,1.2130741292605909,121307.41292605909,130620.73078644185,-0.0713004574718661
2025-05-23,-0.0051217018160653206,1.206861125289735,120686.1125289735,130620.73078644185,-0.07605697960541145
2025-05-26,-0.019867349471251097,1.1828839935503364,118288.39935503363,130620.73078644185,-0.0944132784831142
2025-05-27,-0.004036185347801416,1.1781096545074197,117810.96545074196,130620.73078644185,-0.09806839433966417
2025-05-28,-0.0035896423646326454,1.173880662181417,117388.06621814171,130620.73078644185,-0.1013060062413436
2025-05-29,-0.0011701707009852957,1.1725070214240791,117250.70214240791,130620.73078644185,-0.1023576316219915
2025-05-30,-0.003356275628471822,1.1685717646838614,116857.17646838614,130620.73078644185,-0.10537036682606235
2025-06-03,0.009933709539217656,1.1801800171699617,118018.00171699616,130620.73078644185,-0.0964833759049358
2025-06-04,0.002456179092385699,1.1830787506533857,118307.87506533858,130620.73078644185,-0.09426417726321068
2025-06-05,-0.0033026076768754714,1.1791715056891297,117917.15056891297,130620.73078644185,-0.0972554673446023
2025-06-06,-0.0025797292747223033,1.176129562435985,117612.95624359851,130620.73078644185,-0.09958430384308889
2025-06-09,-0.0028622226960734543,1.1727632177088578,117276.32177088578,130620.73078644185,-0.10216149408453004
2025-06-10,0.0032900665038544386,1.1766216866883943,117662.16866883943,130620.73078644185,-0.09920754569034687
2025-06-11,0.011365834863596023,1.1899949744762204,118999.49744762204,130620.73078644185,-0.08896928740828998
2025-06-12,0.0009062812119354462,1.1910734445638858,119107.34445638857,130620.73078644185,-0.088143637389972
2025-06-13,-0.011899474448519973,1.176900296543987,117690.02965439869,130620.73078644185,-0.09899424887757052
2025-06-16,0.0034946669370882677,1.1810131710985687,118101.31710985687,130620.73078644185,-0.09584553386899648
2025-06-17,-0.0060909407492491284,1.1738196898493245,117381.96898493245,130620.73078644185,-0.10135268515036941
2025-06-18,0.0002531832724790612,1.174116881359701,117411.6881359701,130620.73078644185,-0.10112516268239123
2025-06-19,-0.006332192326004053,1.1666821474537232,116668.21474537233,130620.73078644185,-0.10681701102929188
2025-06-20,0.007701628733115529,1.1756675002029657,117566.75002029657,130620.73078644185,-0.09993804725750512
2025-06-23,0.005775855072382818,1.1824579852974486,118245.79852974486,130620.73078644185,-0.09473941986229864
2025-06-24,0.010478785089117149,1.1948487084022912,119484.87084022912,130620.73078644185,-0.085253388793386
2025-06-25,0.015302217105629179,1.2131325427466437,121313.25427466437,130620.73078644185,-0.0712557375520638
2025-06-26,0.0009361778159158359,1.2142682505209286,121426.82505209286,130620.73078644185,-0.07038626777690105
2025-06-27,-0.012860924264815776,1.1986516385138086,119865.16385138086,130620.73078644185,-0.08234195958255504
2025-06-30,-0.0024153617283788065,1.1957564612204838,119575.64612204839,130620.73078644185,-0.08455843569311831
2025-07-01,0.006842573418653945,1.2039385125972148,120393.85125972149,130620.73078644185,-0.07829445957886108
2025-07-02,0.002188050638238718,1.2065727910281034,120657.27910281034,130620.73078644185,-0.07627772118287444
2025-07-03,0.008695099184542143,1.2170640611194627,121706.40611194627,130620.73078644185,-0.06824586434958815
2025-07-04,0.013877778838560858,1.2339542069920395,123395.42069920395,130620.73078644185,-0.055315186523117135
2025-07-07,-0.0013858488642742677,1.232244132955713,123224.4132955713,130620.73078644185,-0.05662437689897136
2025-07-08,0.004139940985390167,1.237345550945743,123734.5550945743,130620.73078644185,-0.05271885749227735
2025-07-09,0.01479798546782631,1.2556557724273176,125565.57724273176,130620.73078644185,-0.03870100491150223
2025-07-10,0.010603275549991279,1.2689698365783015,126896.98365783015,130620.73078644185,-0.028508086780649245
2025-07-11,-0.007843145824524889,1.2590171211030943,125901.71211030943,130620.73078644185,-0.03612763952337536
2025-07-14,0.0005308229123661875,1.2596854362380372,125968.54362380372,130620.73078644185,-0.03561599398983779
2025-07-15,-0.0062846860474862765,1.2517687087526903,125176.87087526903,130620.73078644185,-0.04167684469682883
2025-07-16,-0.004426933624427938,1.2462272117659063,124622.72117659064,130620.73078644185,-0.045919277696108214
2025-07-17,0.001127884414358793,1.2476328120148068,124763.28120148068,130620.73078644185,-0.04484318491938158
2025-07-18,0.008837385139573143,1.2586586236873503,125865.86236873503,130620.73078644185,-0.036402096275826114
2025-07-21,-0.0004228863611171289,1.2581263541220904,125812.63541220904,130620.73078644185,-0.03680958868691219
2025-07-22,-0.0005432180437119164,1.2574429171852617,125744.29171852618,130620.73078644185,-0.0373328110978678
2025-07-23,0.0028505206101624805,1.261027284136801,126102.7284136801,130620.73078644185,-0.03458870843517521
2025-07-24,-0.0035867003691194923,1.256504357111318,125650.4357111318,130620.73078644185,-0.038051349470982786
2025-07-25,-0.006512166565981026,1.248321791446928,124832.1791446928,130620.73078644185,-0.044315719311148555
2025-07-28,0.021485918555517364,1.2751431317890343,127514.31317890342,130620.73078644185,-0.023781964691479668
2025-07-29,0.002588068572065299,1.2784432896533025,127844.32896533025,130620.73078644185,-0.021255445474814245
2025-07-30,-0.0038325561607521286,1.2735435839473694,127354.35839473695,130620.73078644185,-0.025006538947062368
2025-07-31,-0.01436373564078311,1.255250740580534,125525.0740580534,130620.73078644185,-0.03901108727311889
2025-08-01,-0.005217075477009128,1.2487020027243538,124870.20027243538,130620.73078644185,-0.044024638963383954
2025-08-04,0.005194411390292031,1.2551882746303855,125518.82746303856,130620.73078644185,-0.03905890965917689
2025-08-05,0.006230369475240097,1.263008561342322,126300.8561342322,130620.73078644185,-0.033071891622413446
2025-08-06,-0.002540750099426378,1.2597995722145152,125979.95722145152,130620.73078644185,-0.03552861430991194
2025-08-07,-0.0016299110291401325,1.2577462109972568,125774.62109972569,130620.73078644185,-0.0371006168587382
2025-08-08,-0.002329986054964192,1.2548156798649492,125481.56798649492,130620.73078644185,-0.03934415899379096
2025-08-11,-0.0006384577944678338,1.254014533013519,125401.45330135191,130620.73078644185,-0.03995749720328233
2025-08-12,-0.0004151394073245579,1.2534939421635074,125349.39421635075,130620.73078644185,-0.04035604867889977
2025-08-13,0.007250564588582087,1.2625824809525603,126258.24809525603,130620.73078644185,-0.033398088227804046
2025-08-14,0.004846594014101654,1.2687017056470544,126870.17056470545,130620.73078644185,-0.02871336118818979
2025-08-15,0.000733316110378357,1.26963206504707,126963.206504707,130620.73078644185,-0.028001101048153766
2025-08-18,0.0008879297292261196,1.270759409102804,127075.9409102804,130620.73078644185,-0.027138034328999406
2025-08-19,-0.0055915276986063245,1.2636539226685413,126365.39226685412,130620.73078644185,-0.032577818956969345
2025-08-20,0.007252331352502972,1.2728183596306237,127281.83596306237,130620.73078644185,-0.025561752742284075
2025-08-21,0.003550208234932271,1.2773371298525575,127733.71298525576,130620.73078644185,-0.022102294052436623
2025-08-22,0.009888994434105347,1.2899687096201458,128996.87096201458,130620.73078644185,-0.012431869081196608
2025-08-25,0.01728132764608851,1.3122610815442937,131226.10815442936,131226.10815442936,0.0
2025-08-26,-0.005769357997568984,1.3046901775785875,130469.01775785875,131226.10815442936,-0.005769357997568982
2025-08-27,-0.0252638934349488,1.2717286239666177,127172.86239666177,131226.10815442936,-0.030887494986879024
2025-08-28,-0.0012279879815340542,1.270166956500614,127016.69565006139,131226.10815442936,-0.0320775534957895
2025-08-29,0.03477599924518241,1.3143382816211349,131433.8281621135,131433.8281621135,0.0
2025-09-01,0.00040707307626628814,1.3148733133486887,131487.33133486888,131487.33133486888,0.0
2025-09-02,0.0011397142434432979,1.3163718931922357,131637.18931922357,131637.18931922357,0.0
2025-09-03,0.004196399508477129,1.3218959155578005,132189.59155578006,132189.59155578006,0.0
2025-09-04,-0.013190603124630737,1.3044593111636071,130445.93111636072,132189.59155578006,-0.013190603124630801
2025-09-05,0.024018258376798347,1.335790151941155,133579.0151941155,133579.0151941155,0.0
2025-09-08,0.005334255280133334,1.3429155976122973,134291.55976122973,134291.55976122973,0.0
2025-09-09,-0.003646681191482574,1.338018412560736,133801.8412560736,134291.55976122973,-0.0036466811914826086
2025-09-10,-0.003200729341182614,1.33373577776861,133373.577776861,134291.55976122973,-0.006835738493177831
2025-09-11,0.0005324740315404419,1.3344459574352083,133444.59574352083,134291.55976122973,-0.00630690431487134
2025-09-12,-0.0009874847082850247,1.3331282124582082,133312.8212458208,134291.55976122973,-0.007288161051588868
2025-09-15,0.015425334507687192,1.3536921610770112,135369.21610770113,135369.21610770113,0.0
2025-09-16,-0.004200271045603403,1.348006287088179,134800.6287088179,135369.21610770113,-0.0042002710456034795
2025-09-17,0.014878565113884587,1.3680626864045462,136806.26864045463,136806.26864045463,0.0
2025-09-18,-0.012185129778965607,1.3513926650249466,135139.26650249466,136806.26864045463,-0.012185129778965546
2025-09-19,-0.0013171054250026293,1.3496127384145336,134961.27384145337,136806.26864045463,-0.013486186103431814
2025-09-22,-0.0005800625478073104,1.3488298786109356,134882.98786109357,136806.26864045463,-0.014058425819767788
2025-09-23,-0.01093435214439433,1.334081297735323,133408.1297735323,136806.26864045463,-0.02483905818565297
2025-09-24,0.007942517941066218,1.3446772623774266,134467.72623774267,136806.26864045463,-0.01709382490986553
2025-09-25,0.010622040282901257,1.3589604784259008,135896.04784259008,136806.26864045463,-0.006653355923745928
2025-09-26,-0.01431800435014483,1.339502876384124,133950.28763841238,136806.26864045463,-0.020876097494831533
2025-09-29,0.011650263832888252,1.3551084382989118,135510.84382989118,136806.26864045463,-0.009469045705558994
2025-09-30,0.007384791351937458,1.365115631374999,136511.5631374999,136806.26864045463,-0.0021541812804590486
