date,portfolio_value,daily_returns,cumulative_returns,running_max,drawdown
2022-10-10,100000.0,0.0,1.0,100000.0,0.0
2022-10-11,100000.0,0.0,1.0,100000.0,0.0
2022-10-12,100000.0,0.0,1.0,100000.0,0.0
2022-10-13,100000.0,0.0,1.0,100000.0,0.0
2022-10-14,100000.0,0.0,1.0,100000.0,0.0
2022-10-17,100000.0,0.0,1.0,100000.0,0.0
2022-10-18,100000.0,0.0,1.0,100000.0,0.0
2022-10-19,100000.0,0.0,1.0,100000.0,0.0
2022-10-20,100000.0,0.0,1.0,100000.0,0.0
2022-10-21,99985.0,-0.00015,0.99985,100000.0,-0.00015
2022-10-24,96764.02157898356,-0.03221461640262469,0.9676402157898356,100000.0,-0.03235978421016436
2022-10-25,94672.69924439646,-0.021612602498957356,0.9467269924439645,100000.0,-0.053273007556035444
2022-10-26,98554.45565411448,0.04100185629753006,0.9855445565411448,100000.0,-0.014455443458855152
2022-10-27,98554.45565411448,0.0,0.9855445565411448,100000.0,-0.014455443458855152
2022-10-28,98554.45565411448,0.0,0.9855445565411448,100000.0,-0.014455443458855152
2022-10-31,98549.45565411448,-5.073337341081705e-05,0.9854945565411448,100000.0,-0.014505443458855152
2022-11-01,101642.59144504652,0.03138663496821548,1.0164259144504653,101642.59144504652,0.0
2022-11-02,102817.60614448339,0.01156025916627823,1.0281760614448339,102817.60614448339,0.0
2022-11-03,103081.43692658495,0.002566007826819261,1.0308143692658496,103081.43692658495,0.0
2022-11-04,102940.4804116716,-0.0013674286963398993,1.0294048041167159,103081.43692658495,-0.0013674286963398247
2022-11-07,102981.69231975162,0.00040034695695220573,1.029816923197516,103081.43692658495,-0.000967629185304974
2022-11-08,102045.69193048672,-0.009088997939154778,1.0204569193048671,103081.43692658495,-0.010047832344788675
2022-11-09,101196.93045881746,-0.00831746500623887,1.0119693045881746,103081.43692658495,-0.018281724857111277
2022-11-10,100469.5266991701,-0.007188002208657673,1.004695266991701,103081.43692658495,-0.025338317987117893
2022-11-11,104523.76279581651,0.040352893358259354,1.045237627958165,104523.76279581651,0.0
2022-11-14,106199.3141705941,0.016030339225834248,1.061993141705941,106199.3141705941,0.0
2022-11-15,107407.42126219827,0.011375846454747514,1.0740742126219827,107407.42126219827,0.0
2022-11-16,106723.52252136717,-0.006367332282949104,1.0672352252136716,107407.42126219827,-0.006367332282949091
2022-11-17,105821.73285834602,-0.008449774161461024,1.0582173285834602,107407.42126219827,-0.014763303924608171
2022-11-18,105394.73061294107,-0.004035109177209696,1.0539473061294107,107407.42126219827,-0.018738841558665762
2022-11-21,104126.86044781735,-0.01202973011791194,1.0412686044781736,107407.42126219827,-0.030543148469904715
2022-11-22,105100.89137816349,0.009354271569863265,1.051008913781635,107407.42126219827,-0.02147458580542757
2022-11-23,105120.50047315512,0.00018657401221344684,1.051205004731551,107407.42126219827,-0.02129201839284854
2022-11-24,105120.50047315512,0.0,1.051205004731551,107407.42126219827,-0.02129201839284854
2022-11-25,105115.50047315512,-4.756446152267761e-05,1.0511550047315512,107407.42126219827,-0.02133857011098163
2022-11-28,104684.18658383793,-0.004103237746818597,1.0468418658383793,107407.42126219827,-0.02535425063145778
2022-11-29,108953.93267122995,0.040786925195932265,1.0895393267122995,108953.93267122995,0.0
2022-11-30,108889.97500057195,-0.0005870157147148419,1.0888997500057196,108953.93267122995,-0.0005870157147148654
2022-12-01,109216.52980535997,0.002998942784092818,1.0921652980535996,109216.52980535997,0.0
2022-12-02,108213.97121093937,-0.009179549983938329,1.0821397121093936,109216.52980535997,-0.009179549983938363
2022-12-05,110485.25393855819,0.02098881227814342,1.104852539385582,110485.25393855819,0.0
2022-12-06,111378.54393677533,0.008085151333533524,1.1137854393677533,111378.54393677533,0.0
2022-12-07,111353.63953150043,-0.00022360146213648013,1.1135363953150044,111378.54393677533,-0.00022360146213647053
2022-12-08,111774.8946469711,0.003783038589874632,1.117748946469711,111774.8946469711,0.0
2022-12-09,114131.26728985223,0.021081412336137653,1.1413126728985223,114131.26728985223,0.0
2022-12-12,111597.82090571345,-0.022197654019776508,1.1159782090571344,114131.26728985223,-0.02219765401977652
2022-12-13,111893.62585133153,0.002650633706082749,1.1189362585133154,114131.26728985223,-0.01960585816363452
2022-12-14,112250.92497984598,0.0031932035966836616,1.12250924979846,114131.26728985223,-0.016475260063755003
2022-12-15,112595.96124827994,0.003073794434174351,1.1259596124827995,114131.26728985223,-0.013452107192266282
2022-12-16,112931.99986099062,0.002984464176025769,1.1293199986099063,114131.26728985223,-0.010507790348247902
2022-12-19,111666.82591519442,-0.011202971233605266,1.1166682591519441,114131.26728985223,-0.021593043108853027
2022-12-20,108456.38264963188,-0.028750197198232574,1.0845638264963189,114131.26728985223,-0.049722436059596094
2022-12-21,109109.65516870862,0.0060233662889821946,1.091096551687086,114131.26728985223,-0.043998566215781416
2022-12-22,110803.21477955341,0.015521629210780303,1.1080321477955342,114131.26728985223,-0.02915986643560844
2022-12-23,110803.21477955341,0.0,1.1080321477955342,114131.26728985223,-0.02915986643560844
2022-12-26,110803.21477955341,0.0,1.1080321477955342,114131.26728985223,-0.02915986643560844
2022-12-27,110803.21477955341,0.0,1.1080321477955342,114131.26728985223,-0.02915986643560844
2022-12-28,110788.21477955341,-0.00013537513356307385,1.107882147795534,114131.26728985223,-0.029291294048358115
2022-12-29,110410.55052530281,-0.003408884735637907,1.1041055052530282,114131.26728985223,-0.03260032813882756
2022-12-30,111074.87221359645,0.006016831590214672,1.1107487221359644,114131.26728985223,-0.026779647232809914
2023-01-03,111772.2813277684,0.0062787298357709674,1.117722813277684,114131.26728985223,-0.020669059567111018
2023-01-04,113731.11433260905,0.01752521270543306,1.1373111433260905,114131.26728985223,-0.003506076527012807
2023-01-05,114820.98193220446,0.009582844641863444,1.1482098193220447,114820.98193220446,0.0
2023-01-06,115105.95455881933,0.0024818863401039216,1.1510595455881933,115105.95455881933,0.0
2023-01-09,115822.62374087096,0.006226169487047698,1.1582262374087096,115822.62374087096,0.0
2023-01-10,115553.60682836812,-0.002322662911735607,1.1555360682836813,115822.62374087096,-0.002322662911735644
2023-01-11,115946.45716761351,0.0033997237302068385,1.1594645716761351,115946.45716761351,0.0
2023-01-12,116095.14942367328,0.0012824217288918138,1.160951494236733,116095.14942367328,0.0
2023-01-13,117971.03349988029,0.016158160659763856,1.179710334998803,117971.03349988029,0.0
2023-01-16,118884.725921524,0.00774505736312493,1.1888472592152401,118884.725921524,0.0
2023-01-17,117971.66523271875,-0.007680218646489317,1.1797166523271874,118884.725921524,-0.007680218646489288
2023-01-18,117860.48650016401,-0.0009424189472566501,1.17860486500164,118884.725921524,-0.008615399610174422
2023-01-19,118534.46364061533,0.005718431685333061,1.1853446364061533,118884.725921524,-0.0029462344989539184
2023-01-20,118907.4403581478,0.003146567724499843,1.189074403581478,118907.4403581478,0.0
2023-01-30,120602.40478131193,0.014254485825772769,1.2060240478131192,120602.40478131193,0.0
2023-01-31,118771.63102127083,-0.015180242577756431,1.1877163102127084,120602.40478131193,-0.015180242577756464
2023-02-01,120205.65683903628,0.01207380757033328,1.2020565683903628,120602.40478131193,-0.0032897183351780286
2023-02-02,119735.03855389761,-0.0039151093011276636,1.1973503855389762,120602.40478131193,-0.007191948029453532
2023-02-03,117439.21367421502,-0.01917421088605698,1.1743921367421502,120602.40478131193,-0.02622825898731219
2023-02-06,114855.10315736478,-0.02200381317281937,1.1485510315736478,120602.40478131193,-0.04765495044952641
2023-02-07,114339.12859266366,-0.004492395640393715,1.1433912859266366,120602.40478131193,-0.051933261198277486
2023-02-08,113018.39150567143,-0.011551050836650948,1.1301839150567143,120602.40478131193,-0.06288442829471408
2023-02-09,114070.14677847523,0.009306054163326305,1.1407014677847522,120602.40478131193,-0.05416358002712817
2023-02-10,114060.14677847523,-8.766535576937626e-05,1.1406014677847522,120602.40478131193,-0.05424649711338473
2023-02-13,117571.30635466946,0.03078340397907353,1.1757130635466946,120602.40478131193,-0.02513298496940213
2023-02-14,117886.71531894148,0.0026827035783760726,1.1788671531894148,120602.40478131193,-0.022517705739738745
2023-02-15,117573.29377154597,-0.002658667234450894,1.1757329377154597,120602.40478131193,-0.025116505887744403
2023-02-16,117347.49718811033,-0.0019204751027422085,1.1734749718811033,120602.40478131193,-0.026988745366261273
2023-02-17,116468.80822080624,-0.007487922523780194,1.1646880822080623,120602.40478131193,-0.034274578255724886
2023-02-20,119106.90592183157,0.02265067996595216,1.1910690592183157,120602.40478131193,-0.012400240792811245
2023-02-21,118177.42498721856,-0.007803753505468608,1.1817742498721857,120602.40478131193,-0.02010722587572424
2023-02-22,116605.89503519208,-0.013298055463608668,1.1660589503519208,120602.40478131193,-0.03313789433441819
2023-02-23,116300.17022145122,-0.0026218641317283845,1.1630017022145123,120602.40478131193,-0.0356728754095902
2023-02-24,115158.42616189928,-0.009817217441538625,1.1515842616189929,120602.40478131193,-0.04513988447646798
2023-02-27,114332.40037709552,-0.0071729513187551025,1.143324003770955,120602.40478131193,-0.051989049601339155
2023-02-28,114861.97640215654,0.004631898073637486,1.1486197640215654,120602.40478131193,-0.047597959506400354
2023-03-01,117834.07671810027,0.025875406370666813,1.1783407671810027,120602.40478131193,-0.022954169680376228
2023-03-02,117834.07671810027,0.0,1.1783407671810027,120602.40478131193,-0.022954169680376228
2023-03-03,117824.07671810027,-8.486509402473995e-05,1.1782407671810027,120602.40478131193,-0.023037086766632783
2023-03-06,116239.11153479536,-0.013451963532861055,1.1623911153479536,120602.40478131193,-0.036179156248405786
2023-03-07,115754.37847536185,-0.004170137340463156,1.1575437847536185,120602.40478131193,-0.040198421538450976
2023-03-08,114762.72213625572,-0.008566901331660704,1.1476272213625571,120602.40478131193,-0.04842094695910327
2023-03-09,114356.7260147504,-0.0035377003433508677,1.143567260147504,120602.40478131193,-0.0517873485017716
2023-03-10,114356.7260147504,0.0,1.143567260147504,120602.40478131193,-0.0517873485017716
2023-03-13,114356.7260147504,0.0,1.143567260147504,120602.40478131193,-0.0517873485017716
2023-03-14,114356.7260147504,0.0,1.143567260147504,120602.40478131193,-0.0517873485017716
2023-03-15,114356.7260147504,0.0,1.143567260147504,120602.40478131193,-0.0517873485017716
2023-03-16,114356.7260147504,0.0,1.143567260147504,120602.40478131193,-0.0517873485017716
2023-03-17,114356.7260147504,0.0,1.143567260147504,120602.40478131193,-0.0517873485017716
2023-03-20,114356.7260147504,0.0,1.143567260147504,120602.40478131193,-0.0517873485017716
2023-03-21,114356.7260147504,0.0,1.143567260147504,120602.40478131193,-0.0517873485017716
2023-03-22,114351.7260147504,-4.372283270294981e-05,1.1435172601475039,120602.40478131193,-0.05182880704489988
2023-03-23,114408.15136482765,0.0004934368027814219,1.1440815136482765,120602.40478131193,-0.05136094448295874
2023-03-24,113767.09670693369,-0.005603225384262552,1.137670967069337,120602.40478131193,-0.056676382919334675
2023-03-27,114032.6943316728,0.002334573285484327,1.140326943316728,120602.40478131193,-0.0544741248033318
2023-03-28,114206.29344541924,0.0015223626413799485,1.1420629344541924,120602.40478131193,-0.05303469153447426
2023-03-29,114681.96110831344,0.004164986434145396,1.1468196110831343,120602.40478131193,-0.04909059387110908
2023-03-30,115917.50025812384,0.010773613721546643,1.1591750025812384,120602.40478131193,-0.03884586324529113
2023-03-31,116142.72641622189,0.001942986672387881,1.161427264162219,120602.40478131193,-0.03697835356746623
2023-04-03,115324.261222075,-0.0070470637241090905,1.15324261222075,120602.40478131193,-0.04376482847757281
2023-04-04,114997.71956315599,-0.0028315087862578934,1.1499771956315599,120602.40478131193,-0.04647241676746745
2023-04-06,113822.25752840172,-0.01022161169125373,1.1382225752840172,120602.40478131193,-0.05621900546016996
2023-04-07,115252.28974782697,0.012563730947511864,1.1525228974782697,120602.40478131193,-0.04436159497139633
2023-04-10,115715.51760699412,0.004019250812115742,1.1571551760699412,120602.40478131193,-0.04052064453589615
2023-04-11,115589.74261683611,-0.001086932787918606,1.1558974261683612,120602.40478131193,-0.04156353410668105
2023-04-12,115346.08254363849,-0.002107973144341395,1.153460825436385,120602.40478131193,-0.04358389243734162
2023-04-13,116054.7793411761,0.006144090739011343,1.160547793411761,120602.40478131193,-0.03770758508822465
2023-04-14,116373.299006588,0.0027445631039073456,1.16373299006588,120602.40478131193,-0.035066512831087845
2023-04-17,118424.28119411391,0.017624164692708433,1.184242811941139,120602.40478131193,-0.018060366135713494
2023-04-18,118885.64515637282,0.0038958561336139117,1.188856451563728,120602.40478131193,-0.014234870590284686
2023-04-19,118219.17660920648,-0.005605963161403668,1.1821917660920649,120602.40478131193,-0.019761033591551912
2023-04-20,117259.00291138355,-0.008121979236896204,1.1725900291138356,120602.40478131193,-0.027722514123917845
2023-04-21,116121.82315506363,-0.009698016596468295,1.1612182315506363,120602.40478131193,-0.037151677318316555
2023-04-24,115686.19909598614,-0.003751440058737024,1.1568619909598614,120602.40478131193,-0.040763745086512385
2023-04-25,115200.44151588388,-0.004198924192325004,1.152004415158839,120602.40478131193,-0.044791505403423845
2023-04-26,115200.44151588388,0.0,1.152004415158839,120602.40478131193,-0.044791505403423845
2023-04-27,115195.44151588388,-4.340261143279211e-05,1.1519544151588388,120602.40478131193,-0.044832963946552125
2023-04-28,114513.00358868513,-0.005924174760896817,1.1451300358868512,120602.40478131193,-0.05049154039398051
2023-05-04,114857.46428994069,0.0030080487845104186,1.1485746428994068,120602.40478131193,-0.04763537262618041
2023-05-05,114143.12024409336,-0.006219395929236871,1.1414312024409337,120602.40478131193,-0.053558505312818395
2023-05-08,114729.71070497269,0.005139078550024847,1.1472971070497269,120602.40478131193,-0.048694668128617974
2023-05-09,114023.34059538633,-0.006156819408381397,1.1402334059538632,120602.40478131193,-0.05455168325918046
2023-05-10,113869.33277181939,-0.0013506692819449848,1.1386933277181939,120602.40478131193,-0.05582867125826885
2023-05-11,114504.70811799995,0.005579863609579475,1.1450470811799995,120602.40478131193,-0.05056032401981464
2023-05-12,113039.80761248255,-0.012793364828350945,1.1303980761248253,120602.40478131193,-0.06270685217714042
2023-05-15,114201.00300619888,0.010272446656111515,1.1420100300619889,120602.40478131193,-0.05307855831499125
2023-05-16,113931.37814528153,-0.0023609675381109606,1.1393137814528154,120602.40478131193,-0.0553142090999508
2023-05-17,113490.09051814282,-0.0038732756008269986,1.1349009051814283,120602.40478131193,-0.058973237524291865
2023-05-18,111657.94273716806,-0.016143680673881167,1.1165794273716807,120602.40478131193,-0.07416487308327585
2023-05-19,112135.892005984,0.004280477116983761,1.12135892005984,120602.40478131193,-0.07020185700840902
2023-05-22,112923.35460332243,0.007022395624198569,1.1292335460332243,120602.40478131193,-0.06367244659767692
2023-05-23,113368.66731042392,0.003943495202261682,1.1336866731042392,120602.40478131193,-0.059980043383089494
2023-05-24,111773.91983114496,-0.014066915640035262,1.1177391983114495,120602.40478131193,-0.0732032248127692
2023-05-25,111219.7384459085,-0.004958056280692791,1.1121973844590851,120602.40478131193,-0.07779833538491204
2023-05-26,111474.85369374612,0.0022937947112840022,1.1147485369374612,120602.40478131193,-0.07568299408388063
2023-05-29,111474.85369374612,0.0,1.1147485369374612,120602.40478131193,-0.07568299408388063
2023-05-30,111474.85369374612,0.0,1.1147485369374612,120602.40478131193,-0.07568299408388063
2023-05-31,111474.85369374612,0.0,1.1147485369374612,120602.40478131193,-0.07568299408388063
2023-06-01,111474.85369374612,0.0,1.1147485369374612,120602.40478131193,-0.07568299408388063
2023-06-02,111474.85369374612,0.0,1.1147485369374612,120602.40478131193,-0.07568299408388063
2023-06-05,111459.85369374612,-0.00013455949483647109,1.1145985369374611,120602.40478131193,-0.07580736971326546
2023-06-06,111787.26372470908,0.002937470489262966,1.1178726372470909,120602.40478131193,-0.07309258113540378
2023-06-07,111685.4717874729,-0.0009105861781074732,1.116854717874729,120602.40478131193,-0.07393661021940719
2023-06-08,112419.50473594184,0.0065723225834219004,1.1241950473594184,120602.40478131193,-0.06785022288907192
2023-06-09,111986.93435661681,-0.003847823207735024,1.1198693435661682,120602.40478131193,-0.07143697043452432
2023-06-12,112113.58686757319,0.0011309579254403968,1.121135868675732,120602.40478131193,-0.07038680471696637
2023-06-13,112440.97392676714,0.00292013723172245,1.1244097392676713,120602.40478131193,-0.06767220661431993
2023-06-14,112742.3067228306,0.002679919832958025,1.127423067228306,120602.40478131193,-0.06517364287000761
2023-06-15,114398.61633540076,0.014691109847894823,1.1439861633540076,120602.40478131193,-0.05144000616870354
2023-06-16,114920.5391630188,0.004562317660275236,1.1492053916301879,120602.40478131193,-0.04711237415701656
2023-06-19,113198.78993970777,-0.01498208445462186,1.1319878993970778,120602.40478131193,-0.06138861704316023
2023-06-20,112647.53429631115,-0.004869801556096549,1.1264753429631116,120602.40478131193,-0.06595946821645329
2023-06-21,111724.55289703727,-0.008193533973376188,1.1172455289703727,120602.40478131193,-0.07361256104613209
2023-06-26,110438.67962908374,-0.011509316749189046,1.1043867962908374,120602.40478131193,-0.0842746475135222
2023-06-27,109439.24477038898,-0.009049681343995026,1.0943924477038898,120602.40478131193,-0.09256167015214233
2023-06-28,109930.59198302118,0.00448968022086668,1.0993059198302118,120602.40478131193,-0.08848756223096813
2023-06-29,109930.59198302118,0.0,1.0993059198302118,120602.40478131193,-0.08848756223096813
2023-06-30,109930.59198302118,0.0,1.0993059198302118,120602.40478131193,-0.08848756223096813
2023-07-03,109920.59198302118,-9.096648912383282e-05,1.0992059198302118,120602.40478131193,-0.08857047931722467
2023-07-04,110358.10376856296,0.003980253177760881,1.1035810376856297,120602.40478131193,-0.08494275907122198
2023-07-05,109874.7544814556,-0.004379825953887467,1.098747544814556,120602.40478131193,-0.08895055052433447
2023-07-06,109192.79909292163,-0.006206661318629527,1.0919279909292163,120602.40478131193,-0.09460512590175384
2023-07-07,108672.67372801188,-0.004763366899928252,1.0867267372801188,120602.40478131193,-0.0989178538763982
2023-07-10,108795.61770841977,0.0011313237835263003,1.0879561770841977,120602.40478131193,-0.09789843821357772
2023-07-11,110388.75178771386,0.014643366275687816,1.1038875178771386,120602.40478131193,-0.08468863462646918
2023-07-12,108861.10023678515,-0.013838833451677275,1.0886110023678515,120602.40478131193,-0.09735547616830079
2023-07-13,108851.10023678515,-9.186017758638186e-05,1.0885110023678515,120602.40478131193,-0.09743839325455735
2023-07-14,108756.20693515716,-0.000871771635027717,1.0875620693515715,120602.40478131193,-0.09822522086218309
2023-07-17,107947.47232724162,-0.007436215648801813,1.0794747232724162,120602.40478131193,-0.10493101258650249
2023-07-18,107504.78838630917,-0.004100919932524657,1.0750478838630917,120602.40478131193,-0.10860161883797122
2023-07-19,107802.64193271837,0.00277060725275692,1.0780264193271838,120602.40478131193,-0.10613190401802798
2023-07-20,107850.56064386005,0.0004445040518727776,1.0785056064386005,120602.40478131193,-0.1057345760275242
2023-07-21,108735.32211925871,0.008203587168362447,1.0873532211925871,120602.40478131193,-0.09839839167031347
2023-07-24,108044.194157512,-0.006356057519089275,1.08044194157512,120602.40478131193,-0.10412902335216036
2023-07-25,111466.88268177347,0.031678597364257224,1.1146688268177347,120602.40478131193,-0.07574908739260947
2023-07-26,111240.4907430168,-0.002031024222710213,1.1124049074301678,120602.40478131193,-0.07762626338397703
2023-07-27,111440.21920305552,0.0017954654703935078,1.1144021920305551,120602.40478131193,-0.07597017318908507
2023-07-28,114175.64631109478,0.024546138975687287,1.1417564631109478,120602.40478131193,-0.05328880864250403
2023-07-31,113799.46686198264,-0.0032947433298268457,1.1379946686198263,120602.40478131193,-0.056407979025501494
2023-08-01,112931.88288054861,-0.0076237965375201885,1.129318828805486,120602.40478131193,-0.06360173260783857
2023-08-02,112180.90791601765,-0.0066498046908976104,1.1218090791601765,120602.40478131193,-0.0698285981988913
2023-08-03,113238.19760810742,0.00942486303356803,1.1323819760810743,120602.40478131193,-0.06106186013917385
2023-08-04,113611.62312160566,0.0032976991985564424,1.1361162312160566,120602.40478131193,-0.05796552458786068
2023-08-07,112905.10582567444,-0.0062187061193113525,1.1290510582567443,120602.40478131193,-0.06382376014470836
2023-08-08,112462.00014754514,-0.003924584941388404,1.1246200014754515,120602.40478131193,-0.06749786331813001
2023-08-09,112609.28387286999,0.0013096310320963058,1.1260928387287,120602.40478131193,-0.06627662958243534
2023-08-10,112062.88772377477,-0.004852141229421957,1.1206288772377477,120602.40478131193,-0.07080718724491313
2023-08-11,109804.00824421374,-0.020157248536455542,1.0980400824421372,120602.40478131193,-0.08953715770990552
2023-08-14,105927.51205825216,-0.03530377668308704,1.0592751205825217,120602.40478131193,-0.12167993457236373
2023-08-15,105927.51205825216,0.0,1.0592751205825217,120602.40478131193,-0.12167993457236373
2023-08-16,105927.51205825216,0.0,1.0592751205825217,120602.40478131193,-0.12167993457236373
2023-08-17,105922.51205825216,-4.7202090399804504e-05,1.0592251205825216,120602.40478131193,-0.12172139311549202
2023-08-18,104345.44294487115,-0.014888894558256927,1.0434544294487114,120602.40478131193,-0.13479799068616827
2023-08-21,101419.37982634993,-0.02804207865663222,1.0141937982634994,120602.40478131193,-0.159060053485223
2023-08-22,101419.37982634993,0.0,1.0141937982634994,120602.40478131193,-0.159060053485223
2023-08-23,101419.37982634993,0.0,1.0141937982634994,120602.40478131193,-0.159060053485223
2023-08-24,101419.37982634993,0.0,1.0141937982634994,120602.40478131193,-0.159060053485223
2023-08-25,101419.37982634993,0.0,1.0141937982634994,120602.40478131193,-0.159060053485223
2023-08-28,101409.37982634993,-9.860048461272373e-05,1.0140937982634994,120602.40478131193,-0.15914297057147958
2023-08-29,101378.27051357758,-0.0003067695791615155,1.0137827051357757,120602.40478131193,-0.15940091992853234
2023-08-30,101240.32482385499,-0.0013607027326838494,1.0124032482385499,120602.40478131193,-0.16054472539387715
2023-08-31,100783.76986052522,-0.00450961574969376,1.0078376986052522,120602.40478131193,-0.16433034612140437
2023-09-01,101403.1561196667,0.006145694490279908,1.014031561196667,120602.40478131193,-0.15919457573386847
2023-09-04,102379.8351855095,0.009631643660974545,1.023798351855095,120602.40478131193,-0.15109623749912263
2023-09-05,101739.16655530507,-0.006257761882928889,1.0173916655530506,120602.40478131193,-0.15640847510637557
2023-09-06,102076.89392345419,0.0033195413289093642,1.0207689392345418,120602.40478131193,-0.15360813817477356
2023-09-07,100909.66540288768,-0.011434796609718467,1.0090966540288768,120602.40478131193,-0.163286456966866
2023-09-08,100312.166088517,-0.005921130666573231,1.00312166088517,120602.40478131193,-0.16824074718565663
2023-09-11,100675.02405390458,0.0036172877083263145,1.0067502405390458,120602.40478131193,-0.16523203466416464
2023-09-12,100258.04972966241,-0.004141785196086989,1.0025804972966241,120602.40478131193,-0.1686894642651603
2023-09-13,100258.69844729199,6.470479241423087e-06,1.0025869844729198,120602.40478131193,-0.16868408528759551
2023-09-14,100896.18963171435,0.0063584626002053295,1.0089618963171436,120602.40478131193,-0.16339819413494122
2023-09-15,103225.86306110305,0.02308980584789511,1.0322586306110306,120602.40478131193,-0.14408122086551853
2023-09-18,104982.55221554673,0.017017916850972092,1.0498255221554673,120602.40478131193,-0.12951526625102242
2023-09-19,105606.5745507334,0.0059440575792579775,1.0560657455073341,120602.40478131193,-0.12434105487175338
2023-09-20,105278.02559802844,-0.00311106533000113,1.0527802559802844,120602.40478131193,-0.12706528705684722
2023-09-21,104206.35797970432,-0.010179404602589717,1.0420635797970432,120602.40478131193,-0.13595124269154102
2023-09-22,104327.83839962259,0.001165767830998558,1.0432783839962259,120602.40478131193,-0.13494396244585646
2023-09-25,104649.88609356228,0.003086881688338002,1.0464988609356227,120602.40478131193,-0.13227363680414425
2023-09-26,104222.82959811225,-0.004080811851703466,1.0422282959811224,120602.40478131193,-0.1358146648311095
2023-09-27,104502.82339068687,0.002686491948590349,1.0450282339068686,120602.40478131193,-0.13349303788608852
2023-09-28,104198.20442699695,-0.002914935250611332,1.0419820442699694,120602.40478131193,-0.13601884957485447
2023-10-09,103830.94569597393,-0.003524616696061374,1.0383094569597393,120602.40478131193,-0.1390640519627253
2023-10-10,102942.19614195322,-0.008559582579774,1.0294219614195321,120602.40478131193,-0.14643330430584636
2023-10-11,104482.90688683288,0.014966756127439584,1.0448290688683288,120602.40478131193,-0.13365817973288757
2023-10-12,104256.20436860784,-0.00216975699642985,1.0425620436860783,120602.40478131193,-0.13553793095871194
2023-10-13,104256.20436860784,0.0,1.0425620436860783,120602.40478131193,-0.13553793095871194
2023-10-16,104251.20436860784,-4.7958776461130496e-05,1.0425120436860784,120602.40478131193,-0.1355793895018402
2023-10-17,104464.13042479815,0.0020424325788837017,1.0446413042479814,120602.40478131193,-0.13381386868510023
2023-10-18,106864.32577380505,0.022976263136893195,1.0686432577380505,120602.40478131193,-0.11391214820648152
2023-10-19,103259.92688207192,-0.033728738431966526,1.032599268820719,120602.40478131193,-0.14379877358736823
2023-10-20,102665.01372308056,-0.0057613168724279795,1.0266501372308054,120602.40478131193,-0.14873162015929284
2023-10-23,102431.2978391911,-0.002276490066225101,1.024312978391911,120602.40478131193,-0.15066952416969173
2023-10-24,101113.99012999593,-0.012860402406139948,1.0111399012999593,120602.40478131193,-0.16159225586466783
2023-10-25,101113.99012999593,0.0,1.0111399012999593,120602.40478131193,-0.16159225586466783
2023-10-26,101113.99012999593,0.0,1.0111399012999593,120602.40478131193,-0.16159225586466783
2023-10-27,101103.99012999593,-9.889828288987137e-05,1.0110399012999594,120602.40478131193,-0.16167517295092437
2023-10-30,103447.96272596107,0.02318377932415261,1.0344796272596106,120602.40478131193,-0.14223963515866012
2023-10-31,103952.87086224946,0.004880793424863466,1.0395287086224947,120602.40478131193,-0.13805308400983404
2023-11-01,105338.34661912486,0.013327922022580214,1.0533834661912487,120602.40478131193,-0.12656512272591372
2023-11-02,104697.55759623511,-0.006083150566304827,1.0469755759623511,120602.40478131193,-0.13187835859423397
2023-11-03,105469.9638187562,0.007377499917427492,1.054699638187562,120602.40478131193,-0.12547379125644595
2023-11-06,106980.85936451057,0.014325363269781184,1.0698085936451056,120602.40478131193,-0.1129458856272499
2023-11-07,105946.03112029262,-0.009673022355260963,1.0594603112029262,120602.40478131193,-0.12152637990590379
2023-11-08,106151.15991281378,0.0019361630667244925,1.0615115991281376,120602.40478131193,-0.11982551172758586
2023-11-09,105670.20205282622,-0.00453087710376953,1.0567020205282622,120602.40478131193,-0.12381347416382148
2023-11-10,104768.68930311814,-0.008531380958819477,1.0476868930311813,120602.40478131193,-0.1312885552067144
2023-11-13,103883.03119227801,-0.00845346178072091,1.0388303119227802,120602.40478131193,-0.13863217420374924
2023-11-14,103739.5276788031,-0.0013813951309265293,1.037395276788031,120602.40478131193,-0.13982206352424098
2023-11-15,104285.22910088232,0.005260303707655368,1.0428522910088232,120602.40478131193,-0.13529726633575426
2023-11-16,104285.22910088232,0.0,1.0428522910088232,120602.40478131193,-0.13529726633575426
2023-11-17,104285.22910088232,0.0,1.0428522910088232,120602.40478131193,-0.13529726633575426
2023-11-20,104280.22910088232,-4.794542854351074e-05,1.0428022910088233,120602.40478131193,-0.13533872487888254
2023-11-21,103890.75429446642,-0.0037348863708299707,1.0389075429446641,120602.40478131193,-0.1385681364907168
2023-11-22,103535.88709548264,-0.0034157726680657937,1.0353588709548265,120602.40478131193,-0.14151059190549278
2023-11-23,103653.28227381264,0.0011338597816015492,1.0365328227381265,120602.40478131193,-0.14053718529272355
2023-11-24,103369.09416584083,-0.0027417183685616592,1.0336909416584084,120602.40478131193,-0.14289359027890217
2023-11-27,102492.13780144302,-0.00848373850496221,1.0249213780144302,120602.40478131193,-0.15016505692990292
2023-11-28,102523.9694424661,0.00031057641791736853,1.025239694424661,120602.40478131193,-0.1499011182374631
2023-11-29,101955.77447739818,-0.005542069509772318,1.0195577447739819,120602.40478131193,-0.15461242533037078
2023-11-30,102386.80542298655,0.0042276266135757405,1.0238680542298655,120602.40478131193,-0.15103844232091126
2023-12-01,99378.30078706713,-0.029383714273440914,0.9937830078706713,120602.40478131193,-0.1759840861608889
2023-12-04,98147.36008139615,-0.012386413290648268,0.9814736008139615,120602.40478131193,-0.1861906878277714
2023-12-05,98147.36008139615,0.0,0.9814736008139615,120602.40478131193,-0.1861906878277714
2023-12-06,98147.36008139615,0.0,0.9814736008139615,120602.40478131193,-0.1861906878277714
2023-12-07,98147.36008139615,0.0,0.9814736008139615,120602.40478131193,-0.1861906878277714
2023-12-08,98147.36008139615,0.0,0.9814736008139615,120602.40478131193,-0.1861906878277714
2023-12-11,98147.36008139615,0.0,0.9814736008139615,120602.40478131193,-0.1861906878277714
2023-12-12,98137.36008139615,-0.00010188761054506959,0.9813736008139615,120602.40478131193,-0.18627360491402795
2023-12-13,95599.23121335033,-0.025863023683749684,0.9559923121335033,120602.40478131193,-0.20731902994222873
2023-12-14,95584.23121335033,-0.00015690502747374882,0.9558423121335033,120602.40478131193,-0.20744340557161356
2023-12-15,94423.95323465491,-0.012138801180558767,0.9442395323465491,120602.40478131193,-0.2170640924957205
2023-12-18,94632.40099556964,0.002207572906810085,0.9463240099556964,120602.40478131193,-0.21533570439854527
2023-12-19,94805.81813864017,0.0018325345362277812,0.9480581813864017,120602.40478131193,-0.2138977799775108
2023-12-20,94499.0031932077,-0.003236245954692407,0.944990031932077,120602.40478131193,-0.21644180010703326
2023-12-21,95152.65242478125,0.006916996047430679,0.9515265242478125,120602.40478131193,-0.21102193113544176
2023-12-22,95447.79748009563,0.0031018058645049936,0.9544779748009563,120602.40478131193,-0.20857467433447194
2023-12-25,95452.63214817511,5.065248446927065e-05,0.9545263214817511,120602.40478131193,-0.20853458667545516
2023-12-26,95273.91044953518,-0.0018723600870690345,0.9527391044953518,120602.40478131193,-0.21001649492565966
2023-12-27,95038.45750483595,-0.002471326552970022,0.9503845750483595,120602.40478131193,-0.2119688021381582
2023-12-28,97933.36440878216,0.030460373410404945,0.9793336440878216,120602.40478131193,-0.1879650775922378
2023-12-29,98666.4841847489,0.007485904118504957,0.986664841847489,120602.40478131193,-0.18188626202221572
2024-01-02,96362.69331172982,-0.023349275005130725,0.9636269331172982,120602.40478131193,-0.20098862467573447
2024-01-03,96202.46883697098,-0.0016627230855879522,0.9620246883697098,120602.40478131193,-0.20231715933513347
2024-01-04,95255.99759219687,-0.009838325941281558,0.9525599759219687,120602.40478131193,-0.2101650231193618
2024-01-05,95763.19736339519,0.005324596708017415,0.9576319736339518,120602.40478131193,-0.20595947040158627
2024-01-08,95339.74637107718,-0.004421855200919403,0.9533974637107718,120602.40478131193,-0.20947060264713183
2024-01-09,95436.12053345781,0.0010108497877214795,0.9543612053345781,120602.40478131193,-0.20867149617363004
2024-01-10,95134.14815799851,-0.003164130873838711,0.9513414815799851,120602.40478131193,-0.2111753631239356
2024-01-11,95962.96595447193,0.008712095630445171,0.9596296595447193,120602.40478131193,-0.20430304745182015
2024-01-12,96367.73743647058,0.004217996786288092,0.9636773743647058,120602.40478131193,-0.20094680026311265
2024-01-15,96651.85992361244,0.0029483154290011505,0.9665185992361244,120602.40478131193,-0.19859093938573574
2024-01-16,96885.19558725733,0.00241418699887716,0.9688519558725733,120602.40478131193,-0.19665618805081836
2024-01-17,95207.787306128,-0.017313360116186317,0.95207787306128,120602.40478131193,-0.21056476876420444
2024-01-18,96247.50538579472,0.010920515107904394,0.9624750538579472,120602.40478131193,-0.2019437293947819
2024-01-19,96342.33565691143,0.000985275106472604,0.9634233565691143,120602.40478131193,-0.20115742441779025
2024-01-22,96701.65769782336,0.003729638050208051,0.9670165769782336,120602.40478131193,-0.1981780307517726
2024-01-23,96114.580999875,-0.006071009659243724,0.9611458099987501,120602.40478131193,-0.20304589967207234
2024-01-24,96668.02381185723,0.00575815663164525,0.9666802381185723,120602.40478131193,-0.19845691313415229
2024-01-25,97408.6112911336,0.007661142227524528,0.974086112911336,120602.40478131193,-0.192316177544184
2024-01-26,97736.11744003516,0.0033621888718105464,0.9773611744003516,120602.40478131193,-0.1896005919843817
2024-01-29,97965.57882181523,0.0023477644476809062,0.9796557882181524,120602.40478131193,-0.18769796506582104
2024-01-30,96505.60331576073,-0.014902943703420253,0.9650560331576074,120602.40478131193,-0.1998036565626189
2024-01-31,96148.09902766612,-0.003704492545628435,0.9614809902766612,120602.40478131193,-0.20276797795192184
2024-02-01,95766.21864613291,-0.003971793362480569,0.9576621864613291,120602.40478131193,-0.20593441880544933
2024-02-02,95411.56086758897,-0.003703370390496948,0.9541156086758896,120602.40478131193,-0.20887513776695796
2024-02-05,95936.3354151001,0.005500114899486851,0.9593633541510009,120602.40478131193,-0.20452386012483548
2024-02-06,96089.66710148625,0.0015982649923276678,0.9608966710148625,120602.40478131193,-0.2032524784582411
2024-02-07,96323.91077494225,0.002437761317339091,0.9632391077494226,120602.40478131193,-0.20131019817054072
2024-02-08,96688.19965752943,0.0037819154107886217,0.9668819965752943,120602.40478131193,-0.1982896209005622
2024-02-19,96673.84120400688,-0.00014850264637679663,0.9667384120400688,120602.40478131193,-0.19840867701348625
2024-02-20,96038.39107205454,-0.0065731342009197335,0.9603839107205454,120602.40478131193,-0.20367764435376937
2024-02-21,98913.14926530172,0.029933427259212952,0.9891314926530171,120602.40478131193,-0.17984098704614793
2024-02-22,98993.01891851448,0.0008074725535078487,0.9899301891851449,120602.40478131193,-0.17917873115367552
2024-02-23,99096.82731214103,0.0010486435787152803,0.9909682731214103,120602.40478131193,-0.17831798220082684
2024-02-26,97842.13274754993,-0.012661299040775476,0.9784213274754993,120602.40478131193,-0.18872154394460997
2024-02-27,98361.14968412288,0.005304636376969703,0.9836114968412288,120602.40478131193,-0.18441800673476672
2024-02-28,97721.51896836104,-0.00650287962082542,0.9772151896836103,120602.40478131193,-0.1897216382578834
2024-02-29,98542.11943496657,0.008397336382698073,0.9854211943496658,120602.40478131193,-0.18291745829071332
2024-03-01,98394.08223872888,-0.001502273313041529,0.9839408223872887,120602.40478131193,-0.18414493958767528
2024-03-04,98446.41644851585,0.0005318837128843573,0.9844641644851585,120602.40478131193,-0.18371099956896778
2024-03-05,99312.39192786098,0.008796414441332168,0.9931239192786099,120602.40478131193,-0.1765305832172756
2024-03-06,98551.25856087725,-0.007664032173715168,0.9855125856087725,120602.40478131193,-0.18284167932156883
2024-03-07,95920.9344660855,-0.02668990871554364,0.959209344660855,120602.40478131193,-0.2046515603066231
2024-03-08,95213.37065934238,-0.007376531626610583,0.9521337065934239,120602.40478131193,-0.2105184732261966
2024-03-11,99548.32719239368,0.045528863257672754,0.9954832719239368,120602.40478131193,-0.1745742767492535
2024-03-12,101524.27327148958,0.019849113840728454,1.0152427327148958,120602.40478131193,-0.15819030760138386
2024-03-13,100986.6296276344,-0.005295715266214892,1.0098662962763438,120602.40478131193,-0.1626482920406668
2024-03-14,101251.5385228232,0.0026232076084289854,1.012515385228232,120602.40478131193,-0.16045174466941686
2024-03-15,101399.3416338183,0.001459761630800055,1.013993416338183,120602.40478131193,-0.1592262043390801
2024-03-18,102732.14151704985,0.01314406841066731,1.0273214151704986,120602.40478131193,-0.1481750160510164
2024-03-19,102118.05887870598,-0.005977512288517422,1.0211805887870598,120602.40478131193,-0.15326681036023757
2024-03-20,102289.37891070613,0.0016776663587352695,1.0228937891070613,120602.40478131193,-0.15184627457315436
2024-03-21,102279.76500212004,-9.398735908333343e-05,1.0227976500212004,120602.40478131193,-0.15192599030190393
2024-03-22,101394.02629947771,-0.00865996028270064,1.0139402629947771,120602.40478131193,-0.1592702775426802
2024-03-25,100319.84993072899,-0.010594079433989824,1.00319849930729,120602.40478131193,-0.1681770350049093
2024-03-26,101690.37271153476,0.01366153140930855,1.0169037271153476,120602.40478131193,-0.15681305944164475
2024-03-27,100536.01765417709,-0.011351665124015446,1.005360176541771,120602.40478131193,-0.16638463522780633
2024-03-28,100091.62653363441,-0.004420218056291979,1.0009162653363441,120602.40478131193,-0.17006939691517484
2024-03-29,100269.43469842173,0.0017764539447020912,1.0026943469842173,120602.40478131193,-0.16859506342149586
2024-04-01,101624.37858379005,0.013513030061888339,1.0162437858379005,120602.40478131193,-0.15736026351990814
2024-04-02,101173.52336156742,-0.004436486879483259,1.0117352336156742,120602.40478131193,-0.16109862365493333
2024-04-03,100666.78162125392,-0.005008639844463502,1.006667816212539,120602.40478131193,-0.1653003785140705
2024-04-08,99297.50435982154,-0.013602076468324033,0.9929750435982154,120602.40478131193,-0.17665402659360327
2024-04-09,99525.61176386298,0.002297211853531253,0.9952561176386298,120602.40478131193,-0.174762626463937
2024-04-10,99115.45738798106,-0.004121093742734958,0.9911545738798107,120602.40478131193,-0.17816350704028744
2024-04-11,99338.83404647863,0.002253701535404091,0.9933883404647863,120602.40478131193,-0.17631133287425305
2024-04-12,98236.11640774421,-0.011100569574014466,0.9823611640774421,120602.40478131193,-0.18545474623100972
2024-04-15,98927.53206866294,0.007038304100387296,0.9892753206866294,120602.40478131193,-0.17972172903145656
2024-04-16,98557.45422504975,-0.0037408983715103536,0.9855745422504975,120602.40478131193,-0.18279030667950807
2024-04-17,99542.09092705417,0.00999048432963856,0.9954209092705417,120602.40478131193,-0.174625986044361
2024-04-18,99850.36159735954,0.003096887632501951,0.9985036159735955,120602.40478131193,-0.17206989546835336
2024-04-19,99058.81062829563,-0.007927372083596415,0.9905881062829562,120602.40478131193,-0.17863320546618658
2024-04-22,99058.75107639632,-6.011772091735673e-07,0.9905875107639632,120602.40478131193,-0.17863369925318373
2024-04-23,99450.00660668149,0.003949732113858529,0.994500066066815,120602.40478131193,-0.1753895223978828
2024-04-24,99818.09794557781,0.0037012701301479636,0.9981809794557781,120602.40478131193,-0.17233741626812707
2024-04-25,100601.20748101095,0.007845366236692778,1.0060120748101096,120602.40478131193,-0.16584410017834308
2024-04-26,101291.5650743437,0.0068623191571837525,1.012915650743437,120602.40478131193,-0.16011985616691912
2024-04-29,101900.78802993674,0.0060145477577120375,1.0190078802993674,120602.40478131193,-0.15506835693108098
2024-04-30,101366.4260587106,-0.005243943462627167,1.013664260587106,120602.40478131193,-0.15949913069711907
2024-05-06,103148.38893637444,0.01757941901425767,1.0314838893637444,120602.40478131193,-0.14472361373379589
2024-05-07,103471.48072013706,0.003132300824997969,1.0347148072013705,120602.40478131193,-0.14204463080349297
2024-05-08,102347.74418320834,-0.010860350399044937,1.0234774418320833,120602.40478131193,-0.15136232673970904
2024-05-09,103038.15594313956,0.006745744768886608,1.0303815594313956,120602.40478131193,-0.1456376335946334
2024-05-10,103223.79564392514,0.0018016597743464868,1.0322379564392514,120602.40478131193,-0.14409836328636544
2024-05-13,102337.73247802285,-0.008583904131551334,1.0233773247802285,120602.40478131193,-0.15144534088195308
2024-05-14,101990.86367062508,-0.003389451759371874,1.0199086367062509,120602.40478131193,-0.154321475964224
2024-05-15,101400.90827904038,-0.005784394507040762,1.0140090827904038,120602.40478131193,-0.1592132141733789
2024-05-16,103767.3007599027,0.023336994914782902,1.037673007599027,120602.40478131193,-0.1395917772281264
2024-05-17,106448.25800955182,0.02583624349882947,1.0644825800955182,120602.40478131193,-0.11736206087619719
2024-05-20,106607.2679133076,0.0014937764762812389,1.066072679133076,120602.40478131193,-0.11604359708566073
2024-05-21,106893.17166412811,0.002681841082851989,1.068931716641281,120602.40478131193,-0.11367296648887507
2024-05-22,106983.39513307146,0.0008440526886679004,1.0698339513307147,120602.40478131193,-0.1129248597732009
2024-05-23,106376.40936732631,-0.0056736446341990755,1.063764093673263,120602.40478131193,-0.11795780888268007
2024-05-24,104761.36908140681,-0.015182316225232223,1.047613690814068,120602.40478131193,-0.13134925235221992
2024-05-27,105196.18742850052,0.004150559990828383,1.0519618742850052,120602.40478131193,-0.12774386531302975
2024-05-28,104337.32738147712,-0.00816436477421909,1.0433732738147712,120602.40478131193,-0.13486528257316452
2024-05-29,103308.4550503443,-0.009861018649357109,1.033084550503443,120602.40478131193,-0.14339639215591682
2024-05-30,102785.4373174472,-0.005062680810028808,1.027854373174472,120602.40478131193,-0.14773310280315052
2024-05-31,102680.81489213345,-0.0010178720648006197,1.0268081489213345,120602.40478131193,-0.14860060146956153
2024-06-03,106260.90254371257,0.03486617880214544,1.0626090254371257,120602.40478131193,-0.11891555780836022
2024-06-04,106726.76453816307,0.004384133611690988,1.0672676453816308,120602.40478131193,-0.1150527658906099
2024-06-05,107107.20125732159,0.003564585891878017,1.0710720125732158,120602.40478131193,-0.11189829546484713
2024-06-06,106082.92099932072,-0.009563131572638883,1.0608292099932073,120602.40478131193,-0.1203913289152016
2024-06-07,103097.59529904918,-0.028141435700951883,1.0309759529904918,120602.40478131193,-0.14514477977453416
2024-06-11,104109.20051421878,0.009812112612668566,1.041092005142188,120602.40478131193,-0.13675684408615427
2024-06-12,103370.10317021362,-0.007099250982186039,1.0337010317021362,120602.40478131193,-0.14288522390864092
2024-06-13,107622.05727126315,0.04113330615572752,1.0762205727126315,120602.40478131193,-0.10762925941307726
2024-06-14,107647.34143836553,0.00023493480559144686,1.0764734143836554,120602.40478131193,-0.10741961046662196
2024-06-17,109400.37702413028,0.016284987277353835,1.0940037702413028,120602.40478131193,-0.09288395017905532
2024-06-18,108738.77465161812,-0.006047532837718084,1.0873877465161812,120602.40478131193,-0.09836976427796856
2024-06-19,108047.67408415317,-0.0063556037823594425,1.0804767408415317,120602.40478131193,-0.1041001688144131
2024-06-20,107686.50509662017,-0.003342681742984102,1.0768650509662017,120602.40478131193,-0.10709487682365978
2024-06-21,107456.95130902866,-0.0021316857426613997,1.0745695130902866,120602.40478131193,-0.10899826994428415
2024-06-24,107834.12878255364,0.0035100332638349136,1.0783412878255365,120602.40478131193,-0.10587082423365413
2024-06-25,107657.10860050147,-0.0016415969976363068,1.0765710860050146,120602.40478131193,-0.10733862400409126
2024-06-26,107055.48937793772,-0.005588290735136328,1.0705548937793772,120602.40478131193,-0.11232707530118326
2024-06-27,107548.43008207346,0.004604534592294707,1.0754843008207347,120602.40478131193,-0.10823975461276418
2024-06-28,107480.19236175362,-0.0006344836486014924,1.0748019236175361,120602.40478131193,-0.10880556190693527
2024-07-01,108381.30086911566,0.008383949521872047,1.0838130086911566,120602.40478131193,-0.10133383272378994
2024-07-02,109354.60047112046,0.008980327733657534,1.0935460047112047,120602.40478131193,-0.09326351601849968
2024-07-03,108543.24620776174,-0.00741947992917772,1.0854324620776175,120602.40478131193,-0.09999102916245353
2024-07-04,108369.64923298055,-0.0015993346508995365,1.0836964923298056,120602.40478131193,-0.10143044469563443
2024-07-05,106772.0628020351,-0.01474200979935665,1.067720628020351,120602.40478131193,-0.114677165885335
2024-07-08,106714.76280655318,-0.0005366571926981769,1.0671476280655317,120602.40478131193,-0.11515228075212249
2024-07-09,106689.76280655318,-0.00023426936763490413,1.0668976280655318,120602.40478131193,-0.11535957346776388
2024-07-10,107244.39077950253,0.005198511631851493,1.0724439077950254,120602.40478131193,-0.11076075992042989
2024-07-11,108938.56564032214,0.015797328405761202,1.0893856564032214,120602.40478131193,-0.09671315561360325
2024-07-12,111050.68219627513,0.01938814361597587,1.1105068219627512,120602.40478131193,-0.07920010054821805
2024-07-15,110717.21628451778,-0.00300282632364165,1.1071721628451778,120602.40478131193,-0.08196510272509852
2024-07-16,110265.06305000244,-0.004083856600525568,1.1026506305000243,120602.40478131193,-0.08571422559984739
2024-07-17,111338.41924829145,0.00973432716219699,1.1133841924829144,120602.40478131193,-0.07681426875209361
2024-07-18,111967.32474963642,0.005648593770156496,1.1196732474963642,120602.40478131193,-0.07159956758186933
2024-07-19,112598.47634138948,0.00563692660483166,1.1259847634138949,120602.40478131193,-0.06636624248443426
2024-07-22,111916.48031829392,-0.006056885006399193,1.1191648031829393,120602.40478131193,-0.07202115479179848
2024-07-23,110154.40063299322,-0.015744595257903782,1.1015440063299322,120602.40478131193,-0.08663180611749867
2024-07-24,109598.3162706161,-0.005048226481934693,1.095983162706161,120602.40478131193,-0.09124269562161318
2024-07-25,109902.25562290591,0.0027732118761691423,1.0990225562290592,120602.40478131193,-0.08872251907255556
2024-07-26,109875.88917247912,-0.00023990818275151002,1.0987588917247912,120602.40478131193,-0.08894114199698733
2024-07-29,108735.10768042876,-0.010382455155922385,1.0873510768042876,120602.40478131193,-0.09840016973460944
2024-07-30,108735.10768042876,0.0,1.0873510768042876,120602.40478131193,-0.09840016973460944
2024-07-31,108730.10768042876,-4.598330848850532e-05,1.0873010768042877,120602.40478131193,-0.09844162827773771
2024-08-01,108680.48031723699,-0.00045642705824983163,1.0868048031723698,120602.40478131193,-0.09885312391318347
2024-08-02,108058.9751945951,-0.005718645343006599,1.080589751945951,120602.40478131193,-0.10400646329948228
2024-08-05,107887.44164937836,-0.0015874067369955683,1.0788744164937836,120602.40478131193,-0.10542876947594515
2024-08-06,107544.04079556359,-0.003182954832971142,1.075440407955636,120602.40478131193,-0.10827614929757859
2024-08-07,107030.21958652389,-0.004777774809637769,1.070302195865239,120602.40478131193,-0.1125366050486178
2024-08-08,107687.9733565544,0.006145495847542156,1.076879733565544,120602.40478131193,-0.10708270244009839
2024-08-09,107636.78595424288,-0.0004753307237200849,1.0763678595424289,120602.40478131193,-0.10750713346536975
2024-08-12,107804.48822981633,0.0015580386768955234,1.0780448822981632,120602.40478131193,-0.1061165950604553
2024-08-13,106554.27330695228,-0.011597058187399811,1.0655427330695229,120602.40478131193,-0.11648301292029035
2024-08-14,105982.54607648382,-0.005365596448877047,1.0598254607648383,120602.40478131193,-0.12122360852868781
2024-08-15,106666.92744437596,0.006457491287275294,1.0666692744437596,120602.40478131193,-0.11554891763729862
2024-08-16,106930.12410154418,0.002467462628521594,1.0693012410154419,120602.40478131193,-0.11336656764481326
2024-08-19,107430.48759682279,0.0046793501782850825,1.0743048759682279,120602.40478131193,-0.10921769933504848
2024-08-20,107412.7492487324,-0.00016511465680912885,1.074127492487324,120602.40478131193,-0.10936478054891437
2024-08-21,107546.43840323869,0.0012446302272433596,1.075464384032387,120602.40478131193,-0.10825626903333803
2024-08-22,108009.65082996333,0.004307092206883412,1.0800965082996332,120602.40478131193,-0.10441544655915452
2024-08-23,109348.08859126856,0.012391834905681817,1.0934808859126857,120602.40478131193,-0.09331751062883688
2024-08-26,109667.61240241883,0.002922079528473593,1.0966761240241882,120602.40478131193,-0.09066811228781986
2024-08-27,109581.64228737645,-0.0007839152613892754,1.0958164228737646,120602.40478131193,-0.09138095143226535
2024-08-28,109046.71590502736,-0.004881532811364957,1.0904671590502737,120602.40478131193,-0.09581640513088001
2024-08-29,108076.61520605531,-0.008896193626013857,1.0807661520605532,120602.40478131193,-0.10386019746430096
2024-08-30,110040.60139955196,0.018172166011603656,1.1004060139955196,120602.40478131193,-0.0875753962030165
2024-09-02,108289.88968019668,-0.015909688761137714,1.0828988968019668,120602.40478131193,-0.10209178766743089
2024-09-03,109890.22665776532,0.014778267687729607,1.098902266577653,120602.40478131193,-0.0888222597465695
2024-09-04,110029.47017763424,0.0012671146843892904,1.1002947017763425,120602.40478131193,-0.08766769305180575
2024-09-05,110754.45313938205,0.00658898893703105,1.1075445313938206,120602.40478131193,-0.08165634557442816
2024-09-06,109769.6548249479,-0.008891726576400581,1.097696548249479,120602.40478131193,-0.08982200625275286
2024-09-09,109266.55323255832,-0.004583248377631155,1.0926655323255832,120602.40478131193,-0.09399357806595052
2024-09-10,108492.13820556233,-0.007087393205748629,1.0849213820556232,120602.40478131193,-0.10041480182513043
2024-09-11,111473.1016121616,0.02747630801552793,1.114731016121616,120602.40478131193,-0.07569752183386785
2024-09-12,111489.39376828351,0.00014615325030239065,1.114893937682835,120602.40478131193,-0.07556243202242126
2024-09-13,110814.4020711605,-0.006054313099288137,1.108144020711605,120602.40478131193,-0.081159266499702
2024-09-18,111967.50777998882,0.010405738670031695,1.1196750777998883,120602.40478131193,-0.07159804994751755
2024-09-19,111634.07306545619,-0.002977959598670502,1.1163407306545619,120602.40478131193,-0.07436279344610075
2024-09-20,111751.30669008737,0.0010501598787176184,1.1175130669008737,120602.40478131193,-0.07339072638952958
2024-09-23,111777.6074141177,0.00023535048322309153,1.1177760741411769,120602.40478131193,-0.07317264844922633
2024-09-24,115081.06475952278,0.02955383839239218,1.1508106475952278,120602.40478131193,-0.04578134268384598
2024-09-25,117009.79944215041,0.01675979177511067,1.1700979944215042,120602.40478131193,-0.029788836679301517
2024-09-26,121192.03773897918,0.03574263281167724,1.2119203773897917,121192.03773897918,0.0
2024-09-27,125850.39370075989,0.03843780539290697,1.2585039370075988,125850.39370075989,0.0
2024-09-30,134258.61842723432,0.06681127074156852,1.3425861842723432,134258.61842723432,0.0
2024-10-08,141360.03951431674,0.05289359573539215,1.4136003951431675,141360.03951431674,0.0
2024-10-09,131791.40313214285,-0.06768982532156685,1.3179140313214286,141360.03951431674,-0.06768982532156688
2024-10-10,134800.07318130808,0.022829031163349466,1.3480007318130809,141360.03951431674,-0.04640608728992523
2024-10-11,131883.4006115761,-0.021637025120965634,1.318834006115761,141360.03951431674,-0.06703902273443309
2024-10-14,133787.12615913167,0.014434914012889665,1.3378712615913166,141360.03951431674,-0.053571811250223186
2024-10-15,131449.77160904548,-0.01747069854319206,1.3144977160904547,141360.03951431674,-0.07010657282864982
2024-10-16,134047.09564429987,0.019759060844771095,1.3404709564429986,141360.03951431674,-0.05173275202201839
2024-10-17,132504.36458258683,-0.01150887346195658,1.3250436458258683,141360.03951431674,-0.06264623978711481
2024-10-18,133314.49669945848,0.006114003258863993,1.3331449669945847,141360.03951431674,-0.05691525584246471
2024-10-21,132168.40687395874,-0.008596888214516304,1.3216840687395874,141360.03951431674,-0.06502284996480273
2024-10-22,132236.5226093001,0.0005153707830216792,1.322365226093001,141360.03951431674,-0.06454099005888173
2024-10-23,133360.86424792284,0.008502504576172859,1.3336086424792284,141360.03951431674,-0.05658724554603532
2024-10-24,132861.78207740668,-0.003742343552815794,1.3286178207740669,141360.03951431674,-0.06011782018531037
2024-10-25,134292.62887757464,0.010769438568378769,1.3429262887757463,141360.03951431674,-0.049995816788282146
2024-10-28,134380.4407536274,0.0006538845563354342,1.3438044075362738,141360.03951431674,-0.04937462372442576
2024-10-29,133278.05979699615,-0.008203433107146552,1.3327805979699616,141360.03951431674,-0.05717301540865838
2024-10-30,132024.95275193953,-0.009402200534471229,1.3202495275193953,141360.03951431674,-0.06603766378709708
2024-10-31,130726.28693790078,-0.00983651792308398,1.3072628693790078,141360.03951431674,-0.07522460104674061
2024-11-01,131133.8215361345,0.0031174648020662384,1.3113382153613449,141360.03951431674,-0.07234164629068707
2024-11-04,131647.76222184792,0.0039192077199687505,1.3164776222184793,141360.03951431674,-0.06870596050933597
2024-11-05,131647.76222184792,0.0,1.3164776222184793,141360.03951431674,-0.06870596050933597
2024-11-06,131632.76222184792,-0.00011394040997614952,1.3163276222184792,141360.03951431674,-0.06881207253400388
2024-11-07,133068.36995280985,0.010906158214186987,1.3306836995280986,141360.03951431674,-0.05865638966991885
2024-11-08,130827.7729837955,-0.016837938044998512,1.3082777298379549,141360.03951431674,-0.07450667505971198
2024-11-11,130652.59764977195,-0.0013389766563193597,1.3065259764977195,141360.03951431674,-0.07574588901738637
2024-11-12,129932.59945980953,-0.005510783581145853,1.2993259945980953,141360.03951431674,-0.08083925339699596
2024-11-13,130423.24722793525,0.00377617141630031,1.3042324722793526,141360.03951431674,-0.07736834485868849
2024-11-14,129039.3565998623,-0.010610766542673124,1.290393565998623,141360.03951431674,-0.08715817395627302
2024-11-15,124699.6648482965,-0.03363076092376014,1.2469966484829649,141360.03951431674,-0.11785773916915825
2024-11-18,123492.88570270759,-0.009677485076299286,1.2349288570270758,141360.03951431674,-0.1263946577335216
2024-11-19,126145.2592353283,0.02147794601711661,1.2614525923532829,141360.03951431674,-0.10763140935205748
2024-11-20,126145.2592353283,0.0,1.2614525923532829,141360.03951431674,-0.10763140935205748
2024-11-21,126140.2592353283,-3.963684430401248e-05,1.261402592353283,141360.03951431674,-0.10766678002694677
2024-11-22,124749.22042894599,-0.01102771482169837,1.2474922042894598,141360.03951431674,-0.11750717630273745
2024-11-25,124734.22042894599,-0.00012024123235738873,1.24734220428946,141360.03951431674,-0.11761328832740536
2024-11-26,127075.16260857684,0.018767441457369305,1.2707516260857683,141360.03951431674,-0.10105314737332931
2024-11-27,130408.47833745774,0.026231056175378242,1.3040847833745774,141360.03951431674,-0.07747282198339966
2024-11-28,129670.68427714927,-0.005657562067393207,1.2967068427714927,141360.03951431674,-0.0826920767518857
2024-11-29,132189.99425157995,0.019428523790667063,1.3218999425157996,141360.03951431674,-0.06487013794169223
2024-12-02,131579.21968150773,-0.004620429659069392,1.3157921968150774,141360.03951431674,-0.06919083969142793
2024-12-03,131141.94714336988,-0.0033232644120878433,1.3114194714336989,141360.03951431674,-0.07228416464832686
2024-12-04,130759.50453809729,-0.0029162492520755285,1.3075950453809728,141360.03951431674,-0.07498961525930987
2024-12-05,130339.8482599061,-0.0032093749488697,1.303398482599061,141360.03951431674,-0.07795832041554103
2024-12-06,132096.9759490505,0.013481124250203147,1.320969759490505,141360.03951431674,-0.06552816196919697
2024-12-09,131902.3574725012,-0.0014733000142590344,1.319023574725012,141360.03951431674,-0.0669049193414924
2024-12-10,133308.8976163025,0.01066349510921027,1.3330889761630251,141360.03951431674,-0.056954864512462344
2024-12-11,132479.88784876105,-0.006218712946884963,1.3247988784876106,141360.03951431674,-0.06281939150601555
2024-12-12,134141.5642212516,0.012542857632756477,1.341415642212516,141360.03951431674,-0.05106446855749537
2024-12-13,130910.27788236534,-0.024088628738193507,1.3091027788236533,141360.03951431674,-0.07392302427089424
2024-12-16,130701.77587249628,-0.001592709245155117,1.3070177587249627,141360.03951431674,-0.07539799563186321
2024-12-17,131621.0593127821,0.007033442615061641,1.316210593127821,141360.03951431674,-0.0688948604923691
2024-12-18,132236.29378114606,0.004674285950715031,1.3223629378114605,141360.03951431674,-0.06454260882013013
2024-12-19,131084.6411517574,-0.008709051021156707,1.310846411517574,141360.03951431674,-0.07268955496803378
2024-12-20,130884.49352931647,-0.0015268579192980866,1.3088449352931648,141360.03951431674,-0.0741054262646787
2024-12-23,131066.0346305918,0.0013870329202494336,1.310660346305918,141360.03951431674,-0.07282118001022751
2024-12-24,132100.2565936887,0.007890846518793742,1.3210025659368871,141360.03951431674,-0.06550495424621193
2024-12-25,132150.20859734586,0.0003781370675969953,1.3215020859734585,141360.03951431674,-0.06515158702992667
2024-12-26,132004.5328354834,-0.001102349844231569,1.3200453283548341,141360.03951431674,-0.06618211703234438
2024-12-27,132068.7065642332,0.0004861479175853704,1.320687065642332,141360.03951431674,-0.0657281434131357
2024-12-30,132732.43498217434,0.005025629728707242,1.3273243498217433,141360.03951431674,-0.061032838995978146
2024-12-31,131070.85542079467,-0.012518263238392469,1.3107085542079466,141360.03951431674,-0.07278707708963249
2025-01-02,129178.43960830368,-0.01443811293071608,1.2917843960830369,141360.03951431674,-0.08617428198143169
2025-01-03,129363.90047304722,0.0014356951926800304,1.2936390047304722,141360.03951431674,-0.08486230679112514
2025-01-06,130723.98878068825,0.0105136618690963,1.3072398878068825,141360.03951431674,-0.07524085852106238
2025-01-07,130723.98878068825,0.0,1.3072398878068825,141360.03951431674,-0.07524085852106238
2025-01-08,130723.98878068825,0.0,1.3072398878068825,141360.03951431674,-0.07524085852106238
2025-01-09,130718.98878068825,-3.8248526889646486e-05,1.3071898878068824,141360.03951431674,-0.07527622919595169
2025-01-10,130575.84490335504,-0.0010950503723170524,1.3057584490335503,141360.03951431674,-0.07628884830546111
2025-01-13,129898.06867988895,-0.005190670785762443,1.2989806867988896,141360.03951431674,-0.08108352879504492
2025-01-14,131642.36388127218,0.013428184261012666,1.3164236388127217,141360.03951431674,-0.06874414909922526
2025-01-15,133096.5119350225,0.011046201320585647,1.3309651193502252,141360.03951431674,-0.05845730948920192
2025-01-16,133529.63556424185,0.003254207213414916,1.3352963556424184,141360.03951431674,-0.05539333447400345
2025-01-17,133749.958091905,0.0016499897324826248,1.33749958091905,141360.03951431674,-0.05383474317465093
2025-01-20,135321.20448965149,0.01174764029957184,1.3532120448965148,141360.03951431674,-0.04271953407351482
2025-01-21,135326.39789067433,3.837832394733985e-05,1.3532639789067433,141360.03951431674,-0.04268279525368507
2025-01-22,133077.69636527204,-0.016616872690418706,1.3307769636527205,141360.03951431674,-0.0585904133693021
2025-01-23,133781.80234892148,0.0052909390745448665,1.3378180234892147,141360.03951431674,-0.053609472602246584
2025-01-24,134620.8118867698,0.006271477309448164,1.346208118867698,141360.03951431674,-0.04767420588379501
2025-01-27,133851.86512907557,-0.005711945626512878,1.3385186512907556,141360.03951431674,-0.05311383903851242
2025-02-05,132879.04706370895,-0.00726787082442613,1.3287904706370894,141360.03951431674,-0.05999568534181721
2025-02-06,136077.12986471324,0.024067622937354316,1.3607712986471323,141360.03951431674,-0.03737201593713802
2025-02-07,138016.94836118515,0.01425528667749286,1.3801694836118514,141360.03951431674,-0.0236494780605449
2025-02-10,138422.88903976922,0.002941237894361594,1.3842288903976923,141360.03951431674,-0.020777798907236827
2025-02-11,138424.1531558011,9.132276032069252e-06,1.384241531558011,141360.03951431674,-0.02076885637979967
2025-02-12,140014.6937498803,0.011490340073014598,1.400146937498803,141360.03951431674,-0.009517157529516566
2025-02-13,139973.13331966498,-0.00029682906202372576,1.3997313331966499,141360.03951431674,-0.009811161622597717
2025-02-14,141665.29594414888,0.012089195864605074,1.4166529594414887,141665.29594414888,0.0
2025-02-17,141249.8986864064,-0.002932244308487797,1.412498986864064,141665.29594414888,-0.0029322443084878113
2025-02-18,141325.44822418306,0.0005348643678985465,1.4132544822418305,141665.29594414888,-0.0023989482935877727
2025-02-19,141732.5985376305,0.00288094124988425,1.417325985376305,141732.5985376305,0.0
2025-02-20,141684.35601934,-0.0003403770112751392,1.4168435601934,141732.5985376305,-0.00034037701127514737
2025-02-21,143473.083749382,0.01262473698788487,1.43473083749382,143473.083749382,0.0
2025-02-24,142891.4417998564,-0.004054014413892526,1.428914417998564,143473.083749382,-0.004054014413892481
2025-02-25,141097.324936081,-0.012555803490935309,1.4109732493608098,143473.083749382,-0.016558916496497534
2025-02-26,141062.03170886953,-0.0002501339215853263,1.4106203170886953,143473.083749382,-0.016804908471362352
2025-02-27,141654.51877031563,0.004200188061014947,1.4165451877031563,143473.083749382,-0.012675304186275337
2025-02-28,138906.60237474344,-0.019398720347409307,1.3890660237474344,143473.083749382,-0.031828139852456694
2025-03-03,138793.29737845645,-0.0008156919422829469,1.3879329737845645,143473.083749382,-0.032617869837524176
2025-03-04,138390.17650444552,-0.002904469319665425,1.3839017650444552,143473.083749382,-0.03542760155497369
2025-03-05,138771.21928560562,0.00275339471908147,1.3877121928560563,143473.083749382,-0.03277175300692338
2025-03-06,139938.87326596983,0.008414237378436865,1.3993887326596983,143473.083749382,-0.024633264937594223
2025-03-07,140698.88322107465,0.00543101382315917,1.4069888322107464,143473.083749382,-0.019336034716820546
2025-03-10,139609.35261199737,-0.007743704741176494,1.3960935261199736,143473.083749382,-0.026930006914284883
2025-03-11,140769.18258321472,0.008307681036532922,1.4076918258321471,143473.083749382,-0.01884605178550734
2025-03-12,140596.8815608323,-0.0012239967528444955,1.405968815608323,143473.083749382,-0.020046981032162403
2025-03-13,140658.4995227088,0.000438259804858047,1.406584995227088,143473.083749382,-0.019617507013299493
2025-03-14,144336.86251027457,0.02615101824665721,1.4433686251027458,144336.86251027457,0.0
2025-03-17,143916.57883492913,-0.0029118249353349912,1.4391657883492912,144336.86251027457,-0.0029118249353350667
2025-03-18,144019.86596699787,0.0007176875166493929,1.4401986596699787,144336.86251027457,-0.002196227199092266
2025-03-19,145609.23056649673,0.01103573169456395,1.4560923056649673,145609.23056649673,0.0
2025-03-20,144142.83056216667,-0.010070790145823951,1.4414283056216666,145609.23056649673,-0.010070790145823807
2025-03-21,140943.91850524428,-0.022192654636005123,1.4094391850524428,145609.23056649673,-0.03203994721421111
2025-03-24,141427.35916170772,0.003430021398514319,1.4142735916170772,145609.23056649673,-0.028719823520248846
2025-03-25,140980.91990055898,-0.0031566682980927337,1.4098091990055897,145609.23056649673,-0.03178583286190842
2025-03-26,143373.99845916402,0.01697448534378287,1.4337399845916403,145609.23056649673,-0.015350895672180065
2025-03-27,143373.99845916402,0.0,1.4337399845916403,145609.23056649673,-0.015350895672180065
2025-03-28,143368.99845916402,-3.4873826870526364e-05,1.4336899845916402,145609.23056649673,-0.015385234154572613
2025-03-31,145064.8238432402,0.011828396670841013,1.4506482384324022,145609.23056649673,-0.003738820136185629
2025-04-01,152539.4016974326,0.05152577762248933,1.5253940169743259,152539.4016974326,0.0
2025-04-02,149808.49384090086,-0.0179029668803119,1.4980849384090087,152539.4016974326,-0.017902966880311923
2025-04-03,150354.43114495705,0.003644234649578637,1.5035443114495706,152539.4016974326,-0.014323974842968828
2025-04-07,143627.92174430922,-0.044737686474719096,1.4362792174430923,152539.4016974326,-0.05842083982209144
2025-04-08,143627.92174430922,0.0,1.4362792174430923,152539.4016974326,-0.05842083982209144
2025-04-09,142247.81178103515,-0.009608925245962907,1.4224781178103516,152539.4016974326,-0.06746840358539742
2025-04-10,142247.81178103515,0.0,1.4224781178103516,152539.4016974326,-0.06746840358539742
2025-04-11,142247.81178103515,0.0,1.4224781178103516,152539.4016974326,-0.06746840358539742
2025-04-14,142232.81178103515,-0.0001054497767817321,1.4223281178103515,152539.4016974326,-0.06756673883408125
2025-04-15,142283.4569748604,0.0003560725066956166,1.422834569748604,152539.4016974326,-0.06723472498545151
2025-04-16,141998.76837334488,-0.0020008552474643955,1.4199876837334489,152539.4016974326,-0.0691010532806169
2025-04-17,142060.03977306423,0.0004314924729364457,1.4206003977306423,152539.4016974326,-0.06869937739204299
2025-04-18,142392.29047720018,0.0023388048086337527,1.4239229047720017,152539.4016974326,-0.06652124701760385
2025-04-21,142507.71346651347,0.0008105985859660968,1.4250771346651347,152539.4016974326,-0.06576457046040697
2025-04-22,143564.26744525708,0.007414012568462747,1.4356426744525708,152539.4016974326,-0.05883813724389726
2025-04-23,144399.131568182,0.005815264047115853,1.44399131568182,152539.4016974326,-0.05336503250089518
2025-04-24,144747.82687536324,0.0024148019686433034,1.4474782687536325,152539.4016974326,-0.05107909651779164
2025-04-25,144622.07595628753,-0.0008687585975573563,1.4462207595628753,152539.4016974326,-0.05190347971109368
2025-04-28,143056.06023603157,-0.010828331082242904,1.4305606023603157,152539.4016974326,-0.06216978273070439
2025-04-29,141794.49544333338,-0.008818674235937435,1.4179449544333338,152539.4016974326,-0.07044020190542065
2025-04-30,142429.53439712015,0.004478586787175803,1.4242953439712016,152539.4016974326,-0.06627708767578444
2025-05-06,143108.1061185506,0.004764262723337048,1.431081061185506,152539.4016974326,-0.06182858641067242
2025-05-07,144662.25418603406,0.01085995831847571,1.4466225418603407,152539.4016974326,-0.051640083963506965
2025-05-08,145792.43658401762,0.007812559014393388,1.4579243658401762,152539.4016974326,-0.04423096615258675
2025-05-09,147033.1428418539,0.0085100865786085,1.470331428418539,152539.4016974326,-0.03609728892539225
2025-05-12,147494.33818915856,0.003136676115267,1.4749433818915856,152539.4016974326,-0.03307383831412358
2025-05-13,147974.9641707875,0.0032586063135019317,1.479749641707875,152539.4016974326,-0.02992300661896398
2025-05-14,150340.5144695866,0.015986152198481603,1.503405144695866,152539.4016974326,-0.014415208158529175
2025-05-15,150268.55737637775,-0.0004786274243023141,1.5026855737637774,152539.4016974326,-0.014886936068879728
2025-05-16,149877.41497705466,-0.0026029557091135328,1.4987741497705467,152539.4016974326,-0.017451141742761488
2025-05-19,148875.00456546762,-0.006688201899802644,1.4887500456546763,152539.4016974326,-0.02402262688320645
2025-05-20,150085.8163852528,0.008133076625718803,1.500858163852528,152539.4016974326,-0.016084928122679802
2025-05-21,152112.30177163088,0.01350217785521008,1.5211230177163089,152539.4016974326,-0.0027999318277705
2025-05-22,151832.14966127923,-0.0018417452572129804,1.5183214966127923,152539.4016974326,-0.004636520323819205
2025-05-23,151072.8471859837,-0.005000933445185596,1.510728471859837,152539.4016974326,-0.009614266839448184
2025-05-26,146474.02999969863,-0.030441057224687894,1.4647402999969863,152539.4016974326,-0.0397626556171031
2025-05-27,145794.10343494377,-0.004641959839271649,1.4579410343494377,152539.4016974326,-0.04422003880589729
2025-05-28,146313.33565237687,0.003561407527464045,1.4631333565237687,152539.4016974326,-0.04081611685750115
2025-05-29,145574.3641127959,-0.0050506096131707505,1.4557436411279592,152539.4016974326,-0.045660580198499036
2025-05-30,146615.68049490612,0.007153157689930634,1.4661568049490612,152539.4016974326,-0.038834039838942
2025-06-03,147912.32597254388,0.008843839030456357,1.479123259725439,152539.4016974326,-0.030333642805723607
2025-06-04,147873.8517838997,-0.00026011482404316187,1.4787385178389971,152539.4016974326,-0.03058586739960586
2025-06-05,146399.25217826501,-0.00997201052008617,1.4639925217826502,152539.4016974326,-0.04025287532821708
2025-06-06,146218.5792802208,-0.001234110798764421,1.462185792802208,152539.4016974326,-0.041437309618857596
2025-06-09,146947.17985565527,0.004982954827089081,1.4694717985565526,152539.4016974326,-0.036660835033755404
2025-06-10,147486.6424024267,0.003671132357227358,1.4748664240242668,152539.4016974326,-0.03312428945426333
2025-06-11,148717.75681952256,0.00834729435182806,1.4871775681952255,152539.4016974326,-0.025053493296705087
2025-06-12,149100.258730552,0.0025719989274287716,1.4910025873055202,152539.4016974326,-0.022545931927163605
2025-06-13,147400.45206980553,-0.011400427304544847,1.4740045206980552,152539.4016974326,-0.03368932597375961
2025-06-16,148427.67887845688,0.006968952905007875,1.4842767887845687,152539.4016974326,-0.026955152394864283
2025-06-17,148288.3571250993,-0.0009386507584724659,1.4828835712509931,152539.4016974326,-0.027868501679096536
2025-06-18,148127.8349001847,-0.0010825005282050957,1.481278349001847,152539.4016974326,-0.028920834539513836
2025-06-19,147286.39867343887,-0.0056804734053719635,1.4728639867343887,152539.4016974326,-0.03443702391342297
2025-06-20,148053.8831874622,0.005210830877364289,1.480538831874622,152539.4016974326,-0.029405638543591402
2025-06-23,149465.46762951836,0.009534261524696793,1.4946546762951836,152539.4016974326,-0.02015173806706999
2025-06-24,149893.71458118103,0.0028651899228267727,1.4989371458118104,152539.4016974326,-0.017344286701080524
2025-06-25,151474.36465934906,0.010545139151328153,1.5147436465934905,152539.4016974326,-0.006982045466495777
2025-06-26,152097.53697373462,0.004114044748014034,1.5209753697373463,152539.4016974326,-0.0028967251659635374
2025-06-27,150409.56609854195,-0.011097950096878632,1.5040956609854195,152539.4016974326,-0.013962527551505979
2025-06-30,150194.54594089522,-0.00142956437694827,1.501945459408952,152539.4016974326,-0.015372131596454558
2025-07-01,150728.70290404937,0.003556433822599366,1.5072870290404936,152539.4016974326,-0.0118703677425903
2025-07-02,151221.4531821163,0.003269120403567823,1.512214531821163,152539.4016974326,-0.008640053000407693
2025-07-03,152542.6619666825,0.008736913690249091,1.525426619666825,152542.6619666825,0.0
2025-07-04,153744.9199303086,0.007881453936398842,1.5374491993030859,153744.9199303086,0.0
2025-07-07,153478.08062545478,-0.0017355975402293864,1.5347808062545478,153744.9199303086,-0.0017355975402294204
2025-07-08,153869.56346600613,0.0025507410501614263,1.5386956346600613,153869.56346600613,0.0
2025-07-09,155488.8051898553,0.010523469927221245,1.554888051898553,155488.8051898553,0.0
2025-07-10,157025.89969209553,0.009885563789389207,1.5702589969209553,157025.89969209553,0.0
2025-07-11,156411.35522724973,-0.003913650334440565,1.5641135522724974,157025.89969209553,-0.003913650334440515
2025-07-14,156449.1474342809,0.00024162060980966368,1.5644914743428089,157025.89969209553,-0.0036729753432112565
2025-07-15,155550.4075001919,-0.005744613817512246,1.5555040750019191,157025.89969209553,-0.00939648933581552
2025-07-16,155083.8868647195,-0.0029991604841784108,1.550838868647195,157025.89969209553,-0.012367468240487836
2025-07-17,155564.00615433505,0.003095868302774322,1.5556400615433505,157025.89969209553,-0.009309887990624703
2025-07-18,157014.34647856897,0.009323109889539917,1.5701434647856898,157025.89969209553,-7.35752098807085e-05
2025-07-21,156501.1797227584,-0.003268279410892002,1.5650117972275839,157025.89969209553,-0.003341614156429192
2025-07-22,158645.54794156557,0.013701930059606928,1.5864554794156558,158645.54794156557,0.0
2025-07-23,158327.1200414429,-0.002007165686363721,1.583271200414429,158645.54794156557,-0.002007165686363729
2025-07-24,158887.82750431646,0.00354144926483092,1.5888782750431647,158887.82750431646,0.0
2025-07-25,157175.82044070176,-0.010774941608212118,1.5717582044070175,158887.82750431646,-0.010774941608212182
2025-07-28,157824.9512694639,0.004129966218353902,1.578249512694639,158887.82750431646,-0.006689475534705064
2025-07-29,158734.04214211623,0.0057601213581252985,1.5873404214211624,158887.82750431646,-0.000967886367481811
2025-07-30,157499.4007925649,-0.007778050208322245,1.574994007925649,158887.82750431646,-0.008738408307041876
2025-07-31,154749.93534328073,-0.017456989902490866,1.5474993534328072,158887.82750431646,-0.02604285190395295
2025-08-01,152356.9364722511,-0.015463650215563937,1.523569364722511,158887.82750431646,-0.04110378456705835
2025-08-04,153203.88883312608,0.005559000991262608,1.5320388883312608,158887.82750431646,-0.035773279554948696
2025-08-05,154040.78969088278,0.005462660668282905,1.5404078969088277,158887.82750431646,-0.030506036173866123
2025-08-06,152996.03160807383,-0.006782346967355082,1.5299603160807382,158887.82750431646,-0.03708148061929145
2025-08-07,153007.59918465,7.560703669626897e-05,1.5300759918465,158887.82750431646,-0.037008677203461154
2025-08-08,152224.7989704211,-0.005116087164299676,1.5222479897042112,158887.82750431646,-0.04193542474935245
2025-08-11,151480.38163959022,-0.00489025005035834,1.5148038163959023,158887.82750431646,-0.046620600086718415
2025-08-12,151489.60828625827,6.090984567220462e-05,1.5148960828625826,158887.82750431646,-0.04656252989460257
2025-08-13,151032.36935992457,-0.0030182857524437365,1.5103236935992457,158887.82750431646,-0.04944027662646769
2025-08-14,151309.1504205867,0.001832594309651014,1.513091504205867,158887.82750431646,-0.04769828628642983
2025-08-15,151660.64633858495,0.0023230314691557695,1.5166064633858496,158887.82750431646,-0.04548605943734219
2025-08-18,152178.56391129803,0.0034149766944604346,1.5217856391129803,158887.82750431646,-0.04222641657578309
2025-08-19,150816.2286320801,-0.008952215372540965,1.508162286320801,158887.82750431646,-0.05080061197272696
2025-08-20,151997.50663000887,0.007832565557719363,1.5199750663000886,158887.82750431646,-0.04336594553865625
2025-08-21,152203.07233351652,0.0013524281290223491,1.5220307233351653,158887.82750431646,-0.0420721667342222
2025-08-22,154325.424390283,0.013944212979589856,1.54325424390283,158887.82750431646,-0.028714617008087105
2025-08-25,156724.85518867284,0.015547864571697222,1.5672485518867283,158887.82750431646,-0.013613203412859693
2025-08-26,156356.91740444087,-0.0023476670869404617,1.5635691740444086,158887.82750431646,-0.015928911230200016
2025-08-27,152786.76175330035,-0.02283337194417678,1.5278676175330035,158887.82750431646,-0.03839857241959183
2025-08-28,152612.36936421655,-0.0011414103360956667,1.5261236936421654,158887.82750431646,-0.03949615422823647
2025-08-29,156643.7831149017,0.026416035393985588,1.5664378311490168,158887.82750431646,-0.01412345064227033
2025-09-01,156164.36710514824,-0.0030605492297245377,1.5616436710514823,158887.82750431646,-0.0171407743560106
2025-09-02,156366.96993302714,0.0012973691222562904,1.5636696993302714,158887.82750431646,-0.015865643145135448
2025-09-03,158123.25872838387,0.011231840049781254,1.5812325872838386,158887.82750431646,-0.004812003461447194
2025-09-04,155262.80166746504,-0.018090046233061513,1.5526280166746504,158887.82750431646,-0.022815000329417547
2025-09-05,161817.31335579697,0.04221559586674278,1.6181731335579697,161817.31335579697,0.0
2025-09-08,162177.2673328053,0.002224446627765186,1.6217726733280529,162177.2673328053,0.0
2025-09-09,160537.4661204842,-0.01011116563553903,1.605374661204842,162177.2673328053,-0.01011116563553907
2025-09-10,159848.16267856563,-0.004293723194816357,1.5984816267856563,162177.2673328053,-0.014361474283939503
2025-09-11,159627.7204689728,-0.001379072526695917,1.596277204689728,162177.2673328053,-0.01572074129600751
2025-09-12,160005.1156572707,0.002364220870843532,1.6000511565727071,162177.2673328053,-0.01339368772984126
2025-09-15,162733.57298581797,0.01705231309223631,1.6273357298581796,162733.57298581797,0.0
2025-09-16,162411.5998500471,-0.0019785292602095828,1.624115998500471,162733.57298581797,-0.0019785292602095095
2025-09-17,166061.34645422798,0.02247220400236588,1.6606134645422799,166061.34645422798,0.0
2025-09-18,163020.65153305224,-0.018310672447870758,1.6302065153305223,166061.34645422798,-0.018310672447870716
2025-09-19,163676.7735475363,0.004024778506979539,1.636767735475363,166061.34645422798,-0.014359590341807598
2025-09-22,163489.267237383,-0.0011455889928012164,1.63489267237383,166061.34645422798,-0.015488729145972177
2025-09-23,161028.16668412602,-0.015053590947248558,1.61028166684126,166061.34645422798,-0.03030915910036463
2025-09-24,163969.17726338768,0.01826395120693865,1.6396917726338769,166061.34645422798,-0.012598772896358348
2025-09-25,169133.7544618679,0.03149724408377208,1.6913375446186791,169133.7544618679,0.0
2025-09-26,164033.2722730787,-0.030156500723450275,1.6403327227307871,169133.7544618679,-0.030156500723450406
2025-09-29,166554.75300666314,0.015371763902793656,1.6655475300666314,169133.7544618679,-0.015248295429912037
2025-09-30,170261.48134169128,0.022255314052069375,1.7026148134169128,170261.48134169128,0.0
